front,back,tags,card_type,card_id,chain_id
英国工业革命完成时间？,"18世纪60年代—19世纪40年代；蒸汽机广泛应用

【所属链】：鸦片战争链（CHAIN_近代危机_01）
【记忆定位】：英国工业革命完成时间 → 18世纪60年代—19世纪40年代

【记忆技巧】：
- 联想该节点在链中的位置（前因→后果）
- 回忆与该节点直接相邻的两个事件
- 试着用一句话概括这段内容，向自己复述",#鸦片战争 #时序卡,node,H_近代_01_001,CHAIN_近代危机_01
鸦片战争爆发的根本原因？,"英国工业革命后需要海外市场；中英贸易失衡

【所属链】：鸦片战争链（CHAIN_近代危机_01）
【记忆定位】：鸦片战争爆发的根本原因 → 英国工业革命后需要海外市场

【记忆技巧】：
- 联想该节点在链中的位置（前因→后果）
- 回忆与该节点直接相邻的两个事件
- 试着用一句话概括这段内容，向自己复述",#鸦片战争 #原因卡,node,H_近代_01_002,CHAIN_近代危机_01
鸦片战争的直接原因？,"林则徐虎门销烟

【所属链】：鸦片战争链（CHAIN_近代危机_01）
【记忆定位】：鸦片战争的直接原因 → 林则徐虎门销烟

【记忆技巧】：
- 联想该节点在链中的位置（前因→后果）
- 回忆与该节点直接相邻的两个事件
- 试着用一句话概括这段内容，向自己复述",#鸦片战争 #原因卡,node,H_近代_01_003,CHAIN_近代危机_01
《南京条约》核心内容？,"割让香港岛、赔款2100万银元、五口通商、协定关税

【所属链】：鸦片战争链（CHAIN_近代危机_01）
【记忆定位】：《南京条约》核心内容 → 割让香港岛、赔款2100万银元、五口通商、协定关税

【记忆技巧】：
- 联想该节点在链中的位置（前因→后果）
- 回忆与该节点直接相邻的两个事件
- 试着用一句话概括这段内容，向自己复述",#鸦片战争 #条约/制度卡,node,H_近代_01_004,CHAIN_近代危机_01
中国开始沦为半殖民地半封建社会的标志？,"鸦片战争（1840年）

【所属链】：鸦片战争链（CHAIN_近代危机_01）
【记忆定位】：中国开始沦为半殖民地半封建社会的标志 → 鸦片战争（1840年）

【记忆技巧】：
- 联想该节点在链中的位置（前因→后果）
- 回忆与该节点直接相邻的两个事件
- 试着用一句话概括这段内容，向自己复述",#鸦片战争 #概念卡,node,H_近代_01_005,CHAIN_近代危机_01
太平天国爆发时间？,"1851年，金田起义

【所属链】：太平天国链（CHAIN_近代危机_02）
【记忆定位】：太平天国爆发时间 → 1851年，金田起义

【记忆技巧】：
- 联想该节点在链中的位置（前因→后果）
- 回忆与该节点直接相邻的两个事件
- 试着用一句话概括这段内容，向自己复述",#太平天国 #时序卡,node,H_近代_01_001,CHAIN_近代危机_02
太平天国定都？,"1853年，攻占南京，改名天京

【所属链】：太平天国链（CHAIN_近代危机_02）
【记忆定位】：太平天国定都 → 1853年，攻占南京，改名天京

【记忆技巧】：
- 联想该节点在链中的位置（前因→后果）
- 回忆与该节点直接相邻的两个事件
- 试着用一句话概括这段内容，向自己复述",#太平天国 #概念卡,node,H_近代_01_002,CHAIN_近代危机_02
《天朝田亩制度》核心内容？,"土地平均分配，「无处不均匀，无人不饱暖」

【所属链】：太平天国链（CHAIN_近代危机_02）
【记忆定位】：《天朝田亩制度》核心内容 → 土地平均分配，「无处不均匀，无人不饱暖」

【记忆技巧】：
- 联想该节点在链中的位置（前因→后果）
- 回忆与该节点直接相邻的两个事件
- 试着用一句话概括这段内容，向自己复述",#太平天国 #条约/制度卡,node,H_近代_01_003,CHAIN_近代危机_02
太平天国失败标志？,"1864年，天京陷落

【所属链】：太平天国链（CHAIN_近代危机_02）
【记忆定位】：太平天国失败标志 → 1864年，天京陷落

【记忆技巧】：
- 联想该节点在链中的位置（前因→后果）
- 回忆与该节点直接相邻的两个事件
- 试着用一句话概括这段内容，向自己复述",#太平天国 #概念卡,node,H_近代_01_004,CHAIN_近代危机_02
太平天国失败的根本原因？,"农民阶级的局限性（平均主义空想、内部争权腐化）；中外反动势力联合镇压

【所属链】：太平天国链（CHAIN_近代危机_02）
【记忆定位】：太平天国失败的根本原因 → 农民阶级的局限性（平均主义空想、内部争权腐化）

【记忆技巧】：
- 联想该节点在链中的位置（前因→后果）
- 回忆与该节点直接相邻的两个事件
- 试着用一句话概括这段内容，向自己复述",#太平天国 #原因卡,node,H_近代_01_105,CHAIN_近代危机_02
洋务运动的指导思想？,"「中体西用」——以中国伦常名教为原本，辅以西方富强之术；代表人物：冯桂芬

【所属链】：洋务运动链（CHAIN_近代探索_01）
【记忆定位】：洋务运动的指导思想 → 「中体西用」——以中国伦常名教为原本，辅以西方富强之术

【记忆技巧】：
- 联想该节点在链中的位置（前因→后果）
- 回忆与该节点直接相邻的两个事件
- 试着用一句话概括这段内容，向自己复述",#洋务运动 #概念卡,node,H_近代_01_101,CHAIN_近代探索_01
洋务运动发起的标志？,"1861年，辛酉政变后，奕訢主持总理各国事务衙门

【所属链】：洋务运动链（CHAIN_近代探索_01）
【记忆定位】：洋务运动发起的标志 → 1861年，辛酉政变后，奕訢主持总理各国事务衙门

【记忆技巧】：
- 联想该节点在链中的位置（前因→后果）
- 回忆与该节点直接相邻的两个事件
- 试着用一句话概括这段内容，向自己复述",#洋务运动 #概念卡,node,H_近代_01_102,CHAIN_近代探索_01
洋务派创办的主要军事工业企业？,"江南制造总局（上海）、福州船政局、轮船招商局、开平煤矿

【所属链】：洋务运动链（CHAIN_近代探索_01）
【记忆定位】：洋务派创办的主要军事工业企业 → 江南制造总局（上海）、福州船政局、轮船招商局、开平煤矿

【记忆技巧】：
- 联想该节点在链中的位置（前因→后果）
- 回忆与该节点直接相邻的两个事件
- 试着用一句话概括这段内容，向自己复述",#洋务运动 #概念卡,node,H_近代_01_103,CHAIN_近代探索_01
洋务运动失败的标志？,"甲午战争北洋水师覆没（1895年）

【所属链】：洋务运动链（CHAIN_近代探索_01）
【记忆定位】：洋务运动失败的标志 → 甲午战争北洋水师覆没（1895年）

【记忆技巧】：
- 联想该节点在链中的位置（前因→后果）
- 回忆与该节点直接相邻的两个事件
- 试着用一句话概括这段内容，向自己复述",#洋务运动 #概念卡,node,H_近代_01_104,CHAIN_近代探索_01
洋务运动失败的根本原因？,"「中体西用」只改技术不改制度；封建体制的束缚；列强技术垄断

【所属链】：洋务运动链（CHAIN_近代探索_01）
【记忆定位】：洋务运动失败的根本原因 → 「中体西用」只改技术不改制度

【记忆技巧】：
- 联想该节点在链中的位置（前因→后果）
- 回忆与该节点直接相邻的两个事件
- 试着用一句话概括这段内容，向自己复述",#洋务运动 #原因卡,node,H_近代_01_105,CHAIN_近代探索_01
「中外大分流」指什么？,"17-19世纪，东西方走上不同发展道路——西方君主立宪+工业革命，中国君主专制+内卷化

【所属链】：中外分流链（17-19世纪）（CHAIN_全球关联_01）
【记忆定位】：「中外大分流」指什么 → 17-19世纪，东西方走上不同发展道路——西方君主立宪+工业革命，中国君主专制+内卷化

【记忆技巧】：
- 联想该节点在链中的位置（前因→后果）
- 回忆与该节点直接相邻的两个事件
- 试着用一句话概括这段内容，向自己复述",#中外分流 #概念卡,node,H_近代_01_101,CHAIN_全球关联_01
英国君主立宪确立的标志？,"1688年光荣革命，1689年《权利法案》

【所属链】：中外分流链（17-19世纪）（CHAIN_全球关联_01）
【记忆定位】：英国君主立宪确立的标志 → 1688年光荣革命，1689年《权利法案》

【记忆技巧】：
- 联想该节点在链中的位置（前因→后果）
- 回忆与该节点直接相邻的两个事件
- 试着用一句话概括这段内容，向自己复述",#中外分流 #概念卡,node,H_近代_01_102,CHAIN_全球关联_01
工业革命在英国发生的制度条件？,"君主立宪制保护私有财产；圈地运动提供劳动力；殖民扩张提供市场

【所属链】：中外分流链（17-19世纪）（CHAIN_全球关联_01）
【记忆定位】：工业革命在英国发生的制度条件 → 君主立宪制保护私有财产

【记忆技巧】：
- 联想该节点在链中的位置（前因→后果）
- 回忆与该节点直接相邻的两个事件
- 试着用一句话概括这段内容，向自己复述",#中外分流 #条约/制度卡,node,H_近代_01_103,CHAIN_全球关联_01
甲午战争爆发的导火线？,"丰岛海战：日本不宣而战，袭击清军运兵船「高升号」（1894年7月）

【所属链】：甲午战争链（CHAIN_近代危机_03）
【记忆定位】：甲午战争爆发的导火线 → 丰岛海战：日本不宣而战，袭击清军运兵船「高升号」（1894年7月）

【记忆技巧】：
- 联想该节点在链中的位置（前因→后果）
- 回忆与该节点直接相邻的两个事件
- 试着用一句话概括这段内容，向自己复述",#甲午战争 #概念卡,node,H_近代_02_101,CHAIN_近代危机_03
黄海海战中的英雄人物？,"邓世昌，率「致远舰」撞向「吉野」，全舰官兵殉国

【所属链】：甲午战争链（CHAIN_近代危机_03）
【记忆定位】：黄海海战中的英雄人物 → 邓世昌，率「致远舰」撞向「吉野」，全舰官兵殉国

【记忆技巧】：
- 联想该节点在链中的位置（前因→后果）
- 回忆与该节点直接相邻的两个事件
- 试着用一句话概括这段内容，向自己复述",#甲午战争 #人物卡,node,H_近代_02_202,CHAIN_近代危机_03
《马关条约》的重大危害？,"割让台湾+辽东半岛（后赎辽）、赔款白银2亿两、开放四口通商、允许设厂（资本输出）

【所属链】：甲午战争链（CHAIN_近代危机_03）
【记忆定位】：《马关条约》的重大危害 → 割让台湾+辽东半岛（后赎辽）、赔款白银2亿两、开放四口通商、允许设厂（资本输出）

【记忆技巧】：
- 联想该节点在链中的位置（前因→后果）
- 回忆与该节点直接相邻的两个事件
- 试着用一句话概括这段内容，向自己复述",#甲午战争 #条约/制度卡,node,H_近代_02_203,CHAIN_近代危机_03
三国干涉还辽？,"俄、德、法三国迫使日本退还辽东半岛，清廷付「赎辽费」3000万两；引发瓜分狂潮

【所属链】：甲午战争链（CHAIN_近代危机_03）
【记忆定位】：三国干涉还辽 → 俄、德、法三国迫使日本退还辽东半岛，清廷付「赎辽费」3000万两

【记忆技巧】：
- 联想该节点在链中的位置（前因→后果）
- 回忆与该节点直接相邻的两个事件
- 试着用一句话概括这段内容，向自己复述",#甲午战争 #概念卡,node,H_近代_02_204,CHAIN_近代危机_03
甲午战争的历史意义（为何重要）？,"证明洋务运动「中体西用」失败；民族危机顶点；刺激维新变法思潮兴起

【所属链】：甲午战争链（CHAIN_近代危机_03）
【记忆定位】：甲午战争的历史意义（为何重要） → 证明洋务运动「中体西用」失败

【记忆技巧】：
- 联想该节点在链中的位置（前因→后果）
- 回忆与该节点直接相邻的两个事件
- 试着用一句话概括这段内容，向自己复述",#甲午战争 #影响卡,node,H_近代_02_205,CHAIN_近代危机_03
戊戌变法的主导者？,"康有为（精神领袖）、梁启超（宣传主力）、光绪帝（权力支持者）

【所属链】：戊戌变法链（CHAIN_近代探索_02）
【记忆定位】：戊戌变法的主导者 → 康有为（精神领袖）、梁启超（宣传主力）、光绪帝（权力支持者）

【记忆技巧】：
- 联想该节点在链中的位置（前因→后果）
- 回忆与该节点直接相邻的两个事件
- 试着用一句话概括这段内容，向自己复述",#戊戌变法 #条约/制度卡,node,H_近代_02_201,CHAIN_近代探索_02
百日维新的时间？,"1898年6月11日（光绪颁布《明定国是诏》）至9月21日（戊戌政变），共103天

【所属链】：戊戌变法链（CHAIN_近代探索_02）
【记忆定位】：百日维新的时间 → 1898年6月11日（光绪颁布《明定国是诏》）至9月21日（戊戌政变），共103天

【记忆技巧】：
- 联想该节点在链中的位置（前因→后果）
- 回忆与该节点直接相邻的两个事件
- 试着用一句话概括这段内容，向自己复述",#戊戌变法 #时序卡,node,H_近代_02_202,CHAIN_近代探索_02
戊戌六君子？,"谭嗣同、杨锐、刘光第、林旭、杨深秀、康广仁

【所属链】：戊戌变法链（CHAIN_近代探索_02）
【记忆定位】：戊戌六君子 → 谭嗣同、杨锐、刘光第、林旭、杨深秀、康广仁

【记忆技巧】：
- 联想该节点在链中的位置（前因→后果）
- 回忆与该节点直接相邻的两个事件
- 试着用一句话概括这段内容，向自己复述",#戊戌变法 #概念卡,node,H_近代_02_203,CHAIN_近代探索_02
戊戌变法失败的根本原因？,"触犯守旧势力核心利益；寄希望于无实权的皇帝；缺乏群众基础；慈禧太后发动政变

【所属链】：戊戌变法链（CHAIN_近代探索_02）
【记忆定位】：戊戌变法失败的根本原因 → 触犯守旧势力核心利益

【记忆技巧】：
- 联想该节点在链中的位置（前因→后果）
- 回忆与该节点直接相邻的两个事件
- 试着用一句话概括这段内容，向自己复述",#戊戌变法 #条约/制度卡,node,H_近代_02_204,CHAIN_近代探索_02
谭嗣同的名言？,"「有心杀贼，无力回天，死得其所，快哉快哉！」

【所属链】：戊戌变法链（CHAIN_近代探索_02）
【记忆定位】：谭嗣同的名言 → 「有心杀贼，无力回天，死得其所，快哉快哉！」

【记忆技巧】：
- 联想该节点在链中的位置（前因→后果）
- 回忆与该节点直接相邻的两个事件
- 试着用一句话概括这段内容，向自己复述",#戊戌变法 #概念卡,node,H_近代_02_205,CHAIN_近代探索_02
中国同盟会成立时间与地点？,"1905年，东京；孙中山为总理，黄兴为执行部庶务

【所属链】：辛亥革命链（CHAIN_近代探索_03）
【记忆定位】：中国同盟会成立时间与地点 → 1905年，东京

【记忆技巧】：
- 联想该节点在链中的位置（前因→后果）
- 回忆与该节点直接相邻的两个事件
- 试着用一句话概括这段内容，向自己复述",#辛亥革命 #时序卡,node,H_近代_02_201,CHAIN_近代探索_03
三民主义的内容？,"民族（驱除鞑虏）、民权（创立民国）、民生（平均地权）

【所属链】：辛亥革命链（CHAIN_近代探索_03）
【记忆定位】：三民主义的内容 → 民族（驱除鞑虏）、民权（创立民国）、民生（平均地权）

【记忆技巧】：
- 联想该节点在链中的位置（前因→后果）
- 回忆与该节点直接相邻的两个事件
- 试着用一句话概括这段内容，向自己复述",#辛亥革命 #内容卡,node,H_近代_02_302,CHAIN_近代探索_03
武昌起义的时间与意义？,"1911年10月10日；辛亥革命爆发的标志，亚洲第一个共和国诞生

【所属链】：辛亥革命链（CHAIN_近代探索_03）
【记忆定位】：武昌起义的时间与意义 → 1911年10月10日

【记忆技巧】：
- 联想该节点在链中的位置（前因→后果）
- 回忆与该节点直接相邻的两个事件
- 试着用一句话概括这段内容，向自己复述",#辛亥革命 #时序卡,node,H_近代_02_303,CHAIN_近代探索_03
《中华民国临时约法》？,"1912年3月，孙中山颁布的中国第一部资产阶级共和国宪法性文件

【所属链】：辛亥革命链（CHAIN_近代探索_03）
【记忆定位】：《中华民国临时约法》 → 1912年3月，孙中山颁布的中国第一部资产阶级共和国宪法性文件

【记忆技巧】：
- 联想该节点在链中的位置（前因→后果）
- 回忆与该节点直接相邻的两个事件
- 试着用一句话概括这段内容，向自己复述",#辛亥革命 #条约/制度卡,node,H_近代_02_304,CHAIN_近代探索_03
辛亥革命的历史意义？,"推翻两千年帝制；建立亚洲第一个共和国；传播民主共和理念；深刻改变中国政治观念

【所属链】：辛亥革命链（CHAIN_近代探索_03）
【记忆定位】：辛亥革命的历史意义 → 推翻两千年帝制

【记忆技巧】：
- 联想该节点在链中的位置（前因→后果）
- 回忆与该节点直接相邻的两个事件
- 试着用一句话概括这段内容，向自己复述",#辛亥革命 #影响卡,node,H_近代_02_305,CHAIN_近代探索_03
辛亥革命的局限性？,"没有完成反帝反封建任务；革命果实被袁世凯篡夺；没有解决农民土地问题；没有发动群众

【所属链】：辛亥革命链（CHAIN_近代探索_03）
【记忆定位】：辛亥革命的局限性 → 没有完成反帝反封建任务

【记忆技巧】：
- 联想该节点在链中的位置（前因→后果）
- 回忆与该节点直接相邻的两个事件
- 试着用一句话概括这段内容，向自己复述",#辛亥革命 #概念卡,node,H_近代_02_306,CHAIN_近代探索_03
新文化运动的两面大旗？,"民主（Democracy）与科学（Science）；代表刊物：《新青年》（陈独秀主编）

【所属链】：近代思想启蒙链（CHAIN_近代探索_04）
【记忆定位】：新文化运动的两面大旗 → 民主（Democracy）与科学（Science）

【记忆技巧】：
- 联想该节点在链中的位置（前因→后果）
- 回忆与该节点直接相邻的两个事件
- 试着用一句话概括这段内容，向自己复述",#近代思想 #概念卡,node,H_近代_02_301,CHAIN_近代探索_04
新文化运动的主要内容？,"提倡民主与科学；反对专制与迷信；批判旧道德（孔教）；提倡新文学（白话文）

【所属链】：近代思想启蒙链（CHAIN_近代探索_04）
【记忆定位】：新文化运动的主要内容 → 提倡民主与科学

【记忆技巧】：
- 联想该节点在链中的位置（前因→后果）
- 回忆与该节点直接相邻的两个事件
- 试着用一句话概括这段内容，向自己复述",#近代思想 #内容卡,node,H_近代_02_302,CHAIN_近代探索_04
马克思主义在中国传播的标志？,"1919年五四运动后，李大钊、陈独秀等开始系统传播马克思主义；1921年中共成立

【所属链】：近代思想启蒙链（CHAIN_近代探索_04）
【记忆定位】：马克思主义在中国传播的标志 → 1919年五四运动后，李大钊、陈独秀等开始系统传播马克思主义

【记忆技巧】：
- 联想该节点在链中的位置（前因→后果）
- 回忆与该节点直接相邻的两个事件
- 试着用一句话概括这段内容，向自己复述",#近代思想 #概念卡,node,H_近代_02_303,CHAIN_近代探索_04
近代思想三层递进？,"器物层（洋务运动）→ 制度层（维新/革命）→ 文化层（新文化运动）→ 马克思主义

【所属链】：近代思想启蒙链（CHAIN_近代探索_04）
【记忆定位】：近代思想三层递进 → 器物层（洋务运动）→ 制度层（维新/革命）→ 文化层（新文化运动）→ 马克思主义

【记忆技巧】：
- 联想该节点在链中的位置（前因→后果）
- 回忆与该节点直接相邻的两个事件
- 试着用一句话概括这段内容，向自己复述",#近代思想 #概念卡,node,H_近代_02_304,CHAIN_近代探索_04
北洋军阀的三大派系？,"皖系（段祺瑞）、直系（冯国璋/曹锟/吴佩孚）、奉系（张作霖）

【所属链】：民国乱局链（CHAIN_近代探索_05）
【记忆定位】：北洋军阀的三大派系 → 皖系（段祺瑞）、直系（冯国璋/曹锟/吴佩孚）、奉系（张作霖）

【记忆技巧】：
- 联想该节点在链中的位置（前因→后果）
- 回忆与该节点直接相邻的两个事件
- 试着用一句话概括这段内容，向自己复述",#民国乱局 #概念卡,node,H_近代_03_301,CHAIN_近代探索_05
袁世凯称帝？,"1916年；护国战争（蔡锷在云南起兵讨袁）迫使袁世凯取消帝制，同年病死

【所属链】：民国乱局链（CHAIN_近代探索_05）
【记忆定位】：袁世凯称帝 → 1916年

【记忆技巧】：
- 联想该节点在链中的位置（前因→后果）
- 回忆与该节点直接相邻的两个事件
- 试着用一句话概括这段内容，向自己复述",#民国乱局 #概念卡,node,H_近代_03_402,CHAIN_近代探索_05
《二十一条》？,"1915年日本向袁世凯提出的旨在独占中国的秘密条约；袁世凯接受（除第五条）；激起全国反日怒潮

【所属链】：民国乱局链（CHAIN_近代探索_05）
【记忆定位】：《二十一条》 → 1915年日本向袁世凯提出的旨在独占中国的秘密条约

【记忆技巧】：
- 联想该节点在链中的位置（前因→后果）
- 回忆与该节点直接相邻的两个事件
- 试着用一句话概括这段内容，向自己复述",#民国乱局 #概念卡,node,H_近代_03_403,CHAIN_近代探索_05
旧民主主义革命的困境？,"资产阶级革命派（孙中山）无力完成反帝反封建任务；帝国主义与封建军阀联合压迫；每次护法运动均因军阀背叛而失败

【所属链】：民国乱局链（CHAIN_近代探索_05）
【记忆定位】：旧民主主义革命的困境 → 资产阶级革命派（孙中山）无力完成反帝反封建任务

【记忆技巧】：
- 联想该节点在链中的位置（前因→后果）
- 回忆与该节点直接相邻的两个事件
- 试着用一句话概括这段内容，向自己复述",#民国乱局 #概念卡,node,H_近代_03_404,CHAIN_近代探索_05
新文化运动的两面大旗？,"民主（Democracy）与科学（Science）；陈独秀提出

【所属链】：新文化运动链（CHAIN_近代探索_06）
【记忆定位】：新文化运动的两面大旗 → 民主（Democracy）与科学（Science）

【记忆技巧】：
- 联想该节点在链中的位置（前因→后果）
- 回忆与该节点直接相邻的两个事件
- 试着用一句话概括这段内容，向自己复述",#新文化运 #概念卡,node,H_近代_03_401,CHAIN_近代探索_06
《新青年》创办人？,"陈独秀；1915年创办，原名《青年杂志》，1916年改名《新青年》

【所属链】：新文化运动链（CHAIN_近代探索_06）
【记忆定位】：《新青年》创办人 → 陈独秀

【记忆技巧】：
- 联想该节点在链中的位置（前因→后果）
- 回忆与该节点直接相邻的两个事件
- 试着用一句话概括这段内容，向自己复述",#新文化运 #概念卡,node,H_近代_03_402,CHAIN_近代探索_06
蔡元培改造北大？,"1916年任北大校长；提出「思想自由，兼容并包」方针

【所属链】：新文化运动链（CHAIN_近代探索_06）
【记忆定位】：蔡元培改造北大 → 1916年任北大校长

【记忆技巧】：
- 联想该节点在链中的位置（前因→后果）
- 回忆与该节点直接相邻的两个事件
- 试着用一句话概括这段内容，向自己复述",#新文化运 #概念卡,node,H_近代_03_403,CHAIN_近代探索_06
中国第一篇白话小说？,"鲁迅《狂人日记》（1918年）；揭露封建礼教「吃人」的本质

【所属链】：新文化运动链（CHAIN_近代探索_06）
【记忆定位】：中国第一篇白话小说 → 鲁迅《狂人日记》（1918年）

【记忆技巧】：
- 联想该节点在链中的位置（前因→后果）
- 回忆与该节点直接相邻的两个事件
- 试着用一句话概括这段内容，向自己复述",#新文化运 #概念卡,node,H_近代_03_404,CHAIN_近代探索_06
李大钊传播马克思主义？,"1918年发表《法俄革命之比较观》《庶民的胜利》《布尔什维主义的胜利》

【所属链】：新文化运动链（CHAIN_近代探索_06）
【记忆定位】：李大钊传播马克思主义 → 1918年发表《法俄革命之比较观》《庶民的胜利》《布尔什维主义的胜利》

【记忆技巧】：
- 联想该节点在链中的位置（前因→后果）
- 回忆与该节点直接相邻的两个事件
- 试着用一句话概括这段内容，向自己复述",#新文化运 #概念卡,node,H_近代_03_405,CHAIN_近代探索_06
五四运动的直接导火线？,"巴黎和会上中国外交失败：英美法决定将德国在山东权益转让给日本

【所属链】：五四运动链（CHAIN_近代探索_07）
【记忆定位】：五四运动的直接导火线 → 巴黎和会上中国外交失败：英美法决定将德国在山东权益转让给日本

【记忆技巧】：
- 联想该节点在链中的位置（前因→后果）
- 回忆与该节点直接相邻的两个事件
- 试着用一句话概括这段内容，向自己复述",#五四运动 #概念卡,node,H_近代_03_401,CHAIN_近代探索_07
五四运动的两大口号？,"「外争主权，内除国贼」「拒绝在和约上签字」「还我青岛」

【所属链】：五四运动链（CHAIN_近代探索_07）
【记忆定位】：五四运动的两大口号 → 「外争主权，内除国贼」「拒绝在和约上签字」「还我青岛」

【记忆技巧】：
- 联想该节点在链中的位置（前因→后果）
- 回忆与该节点直接相邻的两个事件
- 试着用一句话概括这段内容，向自己复述",#五四运动 #概念卡,node,H_近代_03_402,CHAIN_近代探索_07
五四运动第一阶段的主力？,"北京学生（5月4日天安门示威）

【所属链】：五四运动链（CHAIN_近代探索_07）
【记忆定位】：五四运动第一阶段的主力 → 北京学生（5月4日天安门示威）

【记忆技巧】：
- 联想该节点在链中的位置（前因→后果）
- 回忆与该节点直接相邻的两个事件
- 试着用一句话概括这段内容，向自己复述",#五四运动 #概念卡,node,H_近代_03_503,CHAIN_近代探索_07
五四运动第二阶段的主力？,"工人阶级（上海工人6月5日大罢工）；标志着工人阶级作为独立政治力量登上历史舞台

【所属链】：五四运动链（CHAIN_近代探索_07）
【记忆定位】：五四运动第二阶段的主力 → 工人阶级（上海工人6月5日大罢工）

【记忆技巧】：
- 联想该节点在链中的位置（前因→后果）
- 回忆与该节点直接相邻的两个事件
- 试着用一句话概括这段内容，向自己复述",#五四运动 #概念卡,node,H_近代_03_504,CHAIN_近代探索_07
五四运动的历史意义？,"新民主主义革命的开端；彻底的反帝反封建运动；促进了马克思主义广泛传播

【所属链】：五四运动链（CHAIN_近代探索_07）
【记忆定位】：五四运动的历史意义 → 新民主主义革命的开端

【记忆技巧】：
- 联想该节点在链中的位置（前因→后果）
- 回忆与该节点直接相邻的两个事件
- 试着用一句话概括这段内容，向自己复述",#五四运动 #影响卡,node,H_近代_03_505,CHAIN_近代探索_07
五四精神？,"爱国、进步、民主、科学——核心是爱国主义

【所属链】：五四运动链（CHAIN_近代探索_07）
【记忆定位】：五四精神 → 爱国、进步、民主、科学——核心是爱国主义

【记忆技巧】：
- 联想该节点在链中的位置（前因→后果）
- 回忆与该节点直接相邻的两个事件
- 试着用一句话概括这段内容，向自己复述",#五四运动 #概念卡,node,H_近代_03_506,CHAIN_近代探索_07
中国共产党成立时间？,"1921年7月23日（一大）；7月1日被定为建党纪念日（延安时期确定）

【所属链】：中国共产党建党建国链（CHAIN_近代探索_08）
【记忆定位】：中国共产党成立时间 → 1921年7月23日（一大）

【记忆技巧】：
- 联想该节点在链中的位置（前因→后果）
- 回忆与该节点直接相邻的两个事件
- 试着用一句话概括这段内容，向自己复述",#中国共产 #时序卡,node,H_近代_03_501,CHAIN_近代探索_08
中共一大代表人数？,"13人，代表全国50余名党员；毛泽东、董必武等

【所属链】：中国共产党建党建国链（CHAIN_近代探索_08）
【记忆定位】：中共一大代表人数 → 13人，代表全国50余名党员

【记忆技巧】：
- 联想该节点在链中的位置（前因→后果）
- 回忆与该节点直接相邻的两个事件
- 试着用一句话概括这段内容，向自己复述",#中国共产 #人物卡,node,H_近代_03_502,CHAIN_近代探索_08
「农村包围城市」道路？,"毛泽东提出；在井冈山建立第一块农村革命根据地；是符合中国国情的正确革命道路

【所属链】：中国共产党建党建国链（CHAIN_近代探索_08）
【记忆定位】：「农村包围城市」道路 → 毛泽东提出

【记忆技巧】：
- 联想该节点在链中的位置（前因→后果）
- 回忆与该节点直接相邻的两个事件
- 试着用一句话概括这段内容，向自己复述",#中国共产 #概念卡,node,H_近代_03_503,CHAIN_近代探索_08
遵义会议？,"1935年1月；结束了「左」倾教条主义在中央的统治；确立了毛泽东在党中央和红军的领导地位；是生死攸关的转折点

【所属链】：中国共产党建党建国链（CHAIN_近代探索_08）
【记忆定位】：遵义会议 → 1935年1月

【记忆技巧】：
- 联想该节点在链中的位置（前因→后果）
- 回忆与该节点直接相邻的两个事件
- 试着用一句话概括这段内容，向自己复述",#中国共产 #概念卡,node,H_近代_03_504,CHAIN_近代探索_08
新中国成立的意义？,"标志着中国新民主主义革命取得胜利；中国结束了一百多年被侵略被奴役的历史；中国人民从此站起来了

【所属链】：中国共产党建党建国链（CHAIN_近代探索_08）
【记忆定位】：新中国成立的意义 → 标志着中国新民主主义革命取得胜利

【记忆技巧】：
- 联想该节点在链中的位置（前因→后果）
- 回忆与该节点直接相邻的两个事件
- 试着用一句话概括这段内容，向自己复述",#中国共产 #影响卡,node,H_近代_03_505,CHAIN_近代探索_08
新中国成立的历史必然性？,"近代中国各阶级救亡图存的探索均告失败；中共领导的新民主主义革命代表了历史发展的正确方向；人民选择了中共、中共不辜负人民的选择

【所属链】：中国共产党建党建国链（CHAIN_近代探索_08）
【记忆定位】：新中国成立的历史必然性 → 近代中国各阶级救亡图存的探索均告失败

【记忆技巧】：
- 联想该节点在链中的位置（前因→后果）
- 回忆与该节点直接相邻的两个事件
- 试着用一句话概括这段内容，向自己复述",#中国共产 #概念卡,node,H_近代_03_506,CHAIN_近代探索_08
九一八事变？,"1931年9月18日；日本关东军炸毁柳条湖路段嫁祸中国军队，占领沈阳；东北三省沦陷

【所属链】：抗日战争链（CHAIN_近代危机_04）
【记忆定位】：九一八事变 → 1931年9月18日

【记忆技巧】：
- 联想该节点在链中的位置（前因→后果）
- 回忆与该节点直接相邻的两个事件
- 试着用一句话概括这段内容，向自己复述",#抗日战争 #概念卡,node,H_现代_01_601,CHAIN_近代危机_04
七七事变（卢沟桥事变）？,"1937年7月7日；日本全面侵华的标志；中国全民族抗战起点

【所属链】：抗日战争链（CHAIN_近代危机_04）
【记忆定位】：七七事变（卢沟桥事变） → 1937年7月7日

【记忆技巧】：
- 联想该节点在链中的位置（前因→后果）
- 回忆与该节点直接相邻的两个事件
- 试着用一句话概括这段内容，向自己复述",#抗日战争 #概念卡,node,H_现代_01_602,CHAIN_近代危机_04
抗日民族统一战线形成？,"1936年西安事变和平解决为关键；1937年9月国民党公布国共合作宣言

【所属链】：抗日战争链（CHAIN_近代危机_04）
【记忆定位】：抗日民族统一战线形成 → 1936年西安事变和平解决为关键

【记忆技巧】：
- 联想该节点在链中的位置（前因→后果）
- 回忆与该节点直接相邻的两个事件
- 试着用一句话概括这段内容，向自己复述",#抗日战争 #概念卡,node,H_现代_01_603,CHAIN_近代危机_04
《论持久战》？,"毛泽东1938年发表；科学分析中日双方特点；指出战争是持久战，最后胜利属于中国

【所属链】：抗日战争链（CHAIN_近代危机_04）
【记忆定位】：《论持久战》 → 毛泽东1938年发表

【记忆技巧】：
- 联想该节点在链中的位置（前因→后果）
- 回忆与该节点直接相邻的两个事件
- 试着用一句话概括这段内容，向自己复述",#抗日战争 #概念卡,node,H_现代_01_604,CHAIN_近代危机_04
正面战场主要战役？,"淞沪会战、台儿庄战役（徐州会战组成部分）、武汉会战、三次长沙会战

【所属链】：抗日战争链（CHAIN_近代危机_04）
【记忆定位】：正面战场主要战役 → 淞沪会战、台儿庄战役（徐州会战组成部分）、武汉会战、三次长沙会战

【记忆技巧】：
- 联想该节点在链中的位置（前因→后果）
- 回忆与该节点直接相邻的两个事件
- 试着用一句话概括这段内容，向自己复述",#抗日战争 #概念卡,node,H_现代_01_605,CHAIN_近代危机_04
抗战胜利意义？,"近代以来反抗外敌入侵第一次完全胜利；中华民族由衰落走向振兴的转折点；世界反法西斯战争重要组成部分

【所属链】：抗日战争链（CHAIN_近代危机_04）
【记忆定位】：抗战胜利意义 → 近代以来反抗外敌入侵第一次完全胜利

【记忆技巧】：
- 联想该节点在链中的位置（前因→后果）
- 回忆与该节点直接相邻的两个事件
- 试着用一句话概括这段内容，向自己复述",#抗日战争 #影响卡,node,H_现代_01_606,CHAIN_近代危机_04
《双十协定》？,"1945年10月10日，毛泽东与蒋介石在重庆签订；承认和平建国方针；但未能解决军队和政权问题

【所属链】：新民主主义革命链（CHAIN_现代建国_01）
【记忆定位】：《双十协定》 → 1945年10月10日，毛泽东与蒋介石在重庆签订

【记忆技巧】：
- 联想该节点在链中的位置（前因→后果）
- 回忆与该节点直接相邻的两个事件
- 试着用一句话概括这段内容，向自己复述",#新民主主 #条约/制度卡,node,H_现代_01_601,CHAIN_现代建国_01
刘邓大军挺进大别山？,"1947年6月；刘伯承、邓小平率领晋冀鲁豫野战军主力千里跃进大别山；揭开战略进攻序幕

【所属链】：新民主主义革命链（CHAIN_现代建国_01）
【记忆定位】：刘邓大军挺进大别山 → 1947年6月

【记忆技巧】：
- 联想该节点在链中的位置（前因→后果）
- 回忆与该节点直接相邻的两个事件
- 试着用一句话概括这段内容，向自己复述",#新民主主 #概念卡,node,H_现代_01_602,CHAIN_现代建国_01
三大战役？,"辽沈战役（1948年9-11月）、淮海战役（1948年11月-1949年1月）、平津战役（1948年11月-1949年1月）；歼敌154万

【所属链】：新民主主义革命链（CHAIN_现代建国_01）
【记忆定位】：三大战役 → 辽沈战役（1948年9-11月）、淮海战役（1948年11月-1949年1月）、平津战役（1948年11月-1949年1月）

【记忆技巧】：
- 联想该节点在链中的位置（前因→后果）
- 回忆与该节点直接相邻的两个事件
- 试着用一句话概括这段内容，向自己复述",#新民主主 #概念卡,node,H_现代_01_603,CHAIN_现代建国_01
渡江战役？,"1949年4月21日，人民解放军渡过长江；4月23日解放南京，国民党政权覆灭

【所属链】：新民主主义革命链（CHAIN_现代建国_01）
【记忆定位】：渡江战役 → 1949年4月21日，人民解放军渡过长江

【记忆技巧】：
- 联想该节点在链中的位置（前因→后果）
- 回忆与该节点直接相邻的两个事件
- 试着用一句话概括这段内容，向自己复述",#新民主主 #概念卡,node,H_现代_01_604,CHAIN_现代建国_01
新中国成立的意义？,"新民主主义革命胜利；结束一百多年被侵略被奴役的历史；中国人民从此站起来了

【所属链】：新民主主义革命链（CHAIN_现代建国_01）
【记忆定位】：新中国成立的意义 → 新民主主义革命胜利

【记忆技巧】：
- 联想该节点在链中的位置（前因→后果）
- 回忆与该节点直接相邻的两个事件
- 试着用一句话概括这段内容，向自己复述",#新民主主 #影响卡,node,H_现代_01_705,CHAIN_现代建国_01
抗美援朝战争时间？,"1950年10月-1953年7月；彭德怀任志愿军司令员兼政治委员

【所属链】：政权建设链（新中国初期）（CHAIN_现代建国_02）
【记忆定位】：抗美援朝战争时间 → 1950年10月-1953年7月

【记忆技巧】：
- 联想该节点在链中的位置（前因→后果）
- 回忆与该节点直接相邻的两个事件
- 试着用一句话概括这段内容，向自己复述",#政权建设 #时序卡,node,H_现代_01_701,CHAIN_现代建国_02
上甘岭战役？,"1952年10月-11月；志愿军坚守上甘岭43天，敌军倾泻炮弹190余万发；涌现黄继光等英雄人物

【所属链】：政权建设链（新中国初期）（CHAIN_现代建国_02）
【记忆定位】：上甘岭战役 → 1952年10月-11月

【记忆技巧】：
- 联想该节点在链中的位置（前因→后果）
- 回忆与该节点直接相邻的两个事件
- 试着用一句话概括这段内容，向自己复述",#政权建设 #概念卡,node,H_现代_01_702,CHAIN_现代建国_02
土地改革的意义？,"废除封建土地所有制；农民获得土地；解放了农村生产力；巩固了人民政权

【所属链】：政权建设链（新中国初期）（CHAIN_现代建国_02）
【记忆定位】：土地改革的意义 → 废除封建土地所有制

【记忆技巧】：
- 联想该节点在链中的位置（前因→后果）
- 回忆与该节点直接相邻的两个事件
- 试着用一句话概括这段内容，向自己复述",#政权建设 #影响卡,node,H_现代_01_703,CHAIN_现代建国_02
「一五」计划重点？,"以重工业为主（苏联援建的156项工程为核心）；初步奠定工业化基础

【所属链】：政权建设链（新中国初期）（CHAIN_现代建国_02）
【记忆定位】：「一五」计划重点 → 以重工业为主（苏联援建的156项工程为核心）

【记忆技巧】：
- 联想该节点在链中的位置（前因→后果）
- 回忆与该节点直接相邻的两个事件
- 试着用一句话概括这段内容，向自己复述",#政权建设 #概念卡,node,H_现代_01_704,CHAIN_现代建国_02
三大改造内容？,"农业（建立农业生产合作社）、手工业（手工业生产合作社）、资本主义工商业（和平赎买+全行业公私合营）

【所属链】：政权建设链（新中国初期）（CHAIN_现代建国_02）
【记忆定位】：三大改造内容 → 农业（建立农业生产合作社）、手工业（手工业生产合作社）、资本主义工商业（和平赎买+全行业公私合营）

【记忆技巧】：
- 联想该节点在链中的位置（前因→后果）
- 回忆与该节点直接相邻的两个事件
- 试着用一句话概括这段内容，向自己复述",#政权建设 #内容卡,node,H_现代_01_705,CHAIN_现代建国_02
社会主义制度确立标志？,"1956年，三大改造基本完成；社会主义公有制占主体地位

【所属链】：政权建设链（新中国初期）（CHAIN_现代建国_02）
【记忆定位】：社会主义制度确立标志 → 1956年，三大改造基本完成

【记忆技巧】：
- 联想该节点在链中的位置（前因→后果）
- 回忆与该节点直接相邻的两个事件
- 试着用一句话概括这段内容，向自己复述",#政权建设 #条约/制度卡,node,H_现代_01_706,CHAIN_现代建国_02
「一边倒」方针？,"1949年毛泽东提出；新中国倒向社会主义阵营一边；获得苏联承认和经济援助

【所属链】：新中国外交链（CHAIN_现代外交_01）
【记忆定位】：「一边倒」方针 → 1949年毛泽东提出

【记忆技巧】：
- 联想该节点在链中的位置（前因→后果）
- 回忆与该节点直接相邻的两个事件
- 试着用一句话概括这段内容，向自己复述",#新中国外 #概念卡,node,H_现代_01_701,CHAIN_现代外交_01
和平共处五项原则？,"互相尊重主权和领土完整、互不侵犯、互不干涉内政、平等互利、和平共处；周恩来1953年提出

【所属链】：新中国外交链（CHAIN_现代外交_01）
【记忆定位】：和平共处五项原则 → 互相尊重主权和领土完整、互不侵犯、互不干涉内政、平等互利、和平共处

【记忆技巧】：
- 联想该节点在链中的位置（前因→后果）
- 回忆与该节点直接相邻的两个事件
- 试着用一句话概括这段内容，向自己复述",#新中国外 #概念卡,node,H_现代_01_702,CHAIN_现代外交_01
万隆会议与「求同存异」？,"1955年亚非会议在万隆召开；周恩来提出「求同存异」方针

【所属链】：新中国外交链（CHAIN_现代外交_01）
【记忆定位】：万隆会议与「求同存异」 → 1955年亚非会议在万隆召开

【记忆技巧】：
- 联想该节点在链中的位置（前因→后果）
- 回忆与该节点直接相邻的两个事件
- 试着用一句话概括这段内容，向自己复述",#新中国外 #概念卡,node,H_现代_01_703,CHAIN_现代外交_01
中国恢复联合国合法席位？,"1971年10月25日，第26届联合国大会通过第2758号决议

【所属链】：新中国外交链（CHAIN_现代外交_01）
【记忆定位】：中国恢复联合国合法席位 → 1971年10月25日，第26届联合国大会通过第2758号决议

【记忆技巧】：
- 联想该节点在链中的位置（前因→后果）
- 回忆与该节点直接相邻的两个事件
- 试着用一句话概括这段内容，向自己复述",#新中国外 #条约/制度卡,node,H_现代_01_804,CHAIN_现代外交_01
中美建交？,"1979年1月1日；邓小平1979年初访美，象征着中美关系正常化

【所属链】：新中国外交链（CHAIN_现代外交_01）
【记忆定位】：中美建交 → 1979年1月1日

【记忆技巧】：
- 联想该节点在链中的位置（前因→后果）
- 回忆与该节点直接相邻的两个事件
- 试着用一句话概括这段内容，向自己复述",#新中国外 #概念卡,node,H_现代_01_805,CHAIN_现代外交_01
【原因类】历史事件的原因分析：如何区分根本原因、主要原因与直接原因？,"【思维步骤】
【第一步：审题——三层分离】

  ① 根本原因：生产力/制度/阶级矛盾/国际格局（深层结构）
  ② 主要原因：利益冲突/阶级立场/直接关联方（中层机制）
  ③ 直接原因：触发性事件/人物/偶发决策（导火索）

【第二步：答案组织】

  根本原因 = 时代背景 + 结构性矛盾（必答）
  主要原因 = 关键行动方的利益驱动（视分值补）
  直接原因 = 触发事件（直接原因题必答）

【答案框架】
① 根本原因（结构性）：
  时代背景 + 深层矛盾 → 必然趋势

② 主要原因（关键机制）：
  相关方利益驱动 + 矛盾激化

③ 直接原因（触发）：
  具体事件 + 导火索

【常见陷阱】
• 把直接原因当根本原因（最常见！）
• 只写中国一方，忽视国际背景
• 原因与背景混淆（背景范围更大）
• 绝对化表述，缺少限定词",#原因类 #心法 #通法,strategy,H_心法_原因类_01,CHAIN_近代危机_01
【影响类】历史事件的影响分析：如何从短期/长期、积极/消极多维度展开？,"【思维步骤】
【第一步：判断影响类型】

  短期影响 → 事件后立即产生的直接后果
  长期影响 → 对后世历史走向的深层塑造

【第二步：四维度展开】

  政治：主权/领土/制度/阶级力量对比
  经济：生产力/生产关系/贸易结构
  思想：思潮/观念/知识分子觉醒
  外交：国际地位/中外关系

【第三步：区分「直接影响」与「深远后果」】

【答案框架】
一、短期/直接影响
  ① 政治：XXXX
  ② 经济：XXXX
  ③ 外交：XXXX

二、长期/深远后果
  ④ 社会性质/结构：XXXX
  ⑤ 历史任务/走向：XXXX
  ⑥ 精神遗产：XXXX

【常见陷阱】
• 影响与意义混淆（意义专指正面价值）
• 只说结论，缺少推导过程
• 漏掉外交/国际格局维度
• 积极/消极影响不分层",#影响类 #心法 #通法,strategy,H_心法_影响类_02,CHAIN_近代危机_01
【原因类】历史事件的原因分析：如何区分根本原因、主要原因与直接原因？,"【思维步骤】
【第一步：审题——三层分离】

  ① 根本原因：生产力/制度/阶级矛盾/国际格局（深层结构）
  ② 主要原因：利益冲突/阶级立场/直接关联方（中层机制）
  ③ 直接原因：触发性事件/人物/偶发决策（导火索）

【第二步：答案组织】

  根本原因 = 时代背景 + 结构性矛盾（必答）
  主要原因 = 关键行动方的利益驱动（视分值补）
  直接原因 = 触发事件（直接原因题必答）

【答案框架】
① 根本原因（结构性）：
  时代背景 + 深层矛盾 → 必然趋势

② 主要原因（关键机制）：
  相关方利益驱动 + 矛盾激化

③ 直接原因（触发）：
  具体事件 + 导火索

【常见陷阱】
• 把直接原因当根本原因（最常见！）
• 只写中国一方，忽视国际背景
• 原因与背景混淆（背景范围更大）
• 绝对化表述，缺少限定词",#原因类 #心法 #通法,strategy,H_心法_原因类_03,CHAIN_近代危机_02
【影响类】历史事件的影响分析：如何从短期/长期、积极/消极多维度展开？,"【思维步骤】
【第一步：判断影响类型】

  短期影响 → 事件后立即产生的直接后果
  长期影响 → 对后世历史走向的深层塑造

【第二步：四维度展开】

  政治：主权/领土/制度/阶级力量对比
  经济：生产力/生产关系/贸易结构
  思想：思潮/观念/知识分子觉醒
  外交：国际地位/中外关系

【第三步：区分「直接影响」与「深远后果」】

【答案框架】
一、短期/直接影响
  ① 政治：XXXX
  ② 经济：XXXX
  ③ 外交：XXXX

二、长期/深远后果
  ④ 社会性质/结构：XXXX
  ⑤ 历史任务/走向：XXXX
  ⑥ 精神遗产：XXXX

【常见陷阱】
• 影响与意义混淆（意义专指正面价值）
• 只说结论，缺少推导过程
• 漏掉外交/国际格局维度
• 积极/消极影响不分层",#影响类 #心法 #通法,strategy,H_心法_影响类_04,CHAIN_近代危机_02
【原因类】历史事件的原因分析：如何区分根本原因、主要原因与直接原因？,"【思维步骤】
【第一步：审题——三层分离】

  ① 根本原因：生产力/制度/阶级矛盾/国际格局（深层结构）
  ② 主要原因：利益冲突/阶级立场/直接关联方（中层机制）
  ③ 直接原因：触发性事件/人物/偶发决策（导火索）

【第二步：答案组织】

  根本原因 = 时代背景 + 结构性矛盾（必答）
  主要原因 = 关键行动方的利益驱动（视分值补）
  直接原因 = 触发事件（直接原因题必答）

【答案框架】
① 根本原因（结构性）：
  时代背景 + 深层矛盾 → 必然趋势

② 主要原因（关键机制）：
  相关方利益驱动 + 矛盾激化

③ 直接原因（触发）：
  具体事件 + 导火索

【常见陷阱】
• 把直接原因当根本原因（最常见！）
• 只写中国一方，忽视国际背景
• 原因与背景混淆（背景范围更大）
• 绝对化表述，缺少限定词",#原因类 #心法 #通法,strategy,H_心法_原因类_05,CHAIN_近代探索_01
【影响类】历史事件的影响分析：如何从短期/长期、积极/消极多维度展开？,"【思维步骤】
【第一步：判断影响类型】

  短期影响 → 事件后立即产生的直接后果
  长期影响 → 对后世历史走向的深层塑造

【第二步：四维度展开】

  政治：主权/领土/制度/阶级力量对比
  经济：生产力/生产关系/贸易结构
  思想：思潮/观念/知识分子觉醒
  外交：国际地位/中外关系

【第三步：区分「直接影响」与「深远后果」】

【答案框架】
一、短期/直接影响
  ① 政治：XXXX
  ② 经济：XXXX
  ③ 外交：XXXX

二、长期/深远后果
  ④ 社会性质/结构：XXXX
  ⑤ 历史任务/走向：XXXX
  ⑥ 精神遗产：XXXX

【常见陷阱】
• 影响与意义混淆（意义专指正面价值）
• 只说结论，缺少推导过程
• 漏掉外交/国际格局维度
• 积极/消极影响不分层",#影响类 #心法 #通法,strategy,H_心法_影响类_06,CHAIN_近代探索_01
【原因类】历史事件的原因分析：如何区分根本原因、主要原因与直接原因？,"【思维步骤】
【第一步：审题——三层分离】

  ① 根本原因：生产力/制度/阶级矛盾/国际格局（深层结构）
  ② 主要原因：利益冲突/阶级立场/直接关联方（中层机制）
  ③ 直接原因：触发性事件/人物/偶发决策（导火索）

【第二步：答案组织】

  根本原因 = 时代背景 + 结构性矛盾（必答）
  主要原因 = 关键行动方的利益驱动（视分值补）
  直接原因 = 触发事件（直接原因题必答）

【答案框架】
① 根本原因（结构性）：
  时代背景 + 深层矛盾 → 必然趋势

② 主要原因（关键机制）：
  相关方利益驱动 + 矛盾激化

③ 直接原因（触发）：
  具体事件 + 导火索

【常见陷阱】
• 把直接原因当根本原因（最常见！）
• 只写中国一方，忽视国际背景
• 原因与背景混淆（背景范围更大）
• 绝对化表述，缺少限定词",#原因类 #心法 #通法,strategy,H_心法_原因类_07,CHAIN_全球关联_01
【影响类】历史事件的影响分析：如何从短期/长期、积极/消极多维度展开？,"【思维步骤】
【第一步：判断影响类型】

  短期影响 → 事件后立即产生的直接后果
  长期影响 → 对后世历史走向的深层塑造

【第二步：四维度展开】

  政治：主权/领土/制度/阶级力量对比
  经济：生产力/生产关系/贸易结构
  思想：思潮/观念/知识分子觉醒
  外交：国际地位/中外关系

【第三步：区分「直接影响」与「深远后果」】

【答案框架】
一、短期/直接影响
  ① 政治：XXXX
  ② 经济：XXXX
  ③ 外交：XXXX

二、长期/深远后果
  ④ 社会性质/结构：XXXX
  ⑤ 历史任务/走向：XXXX
  ⑥ 精神遗产：XXXX

【常见陷阱】
• 影响与意义混淆（意义专指正面价值）
• 只说结论，缺少推导过程
• 漏掉外交/国际格局维度
• 积极/消极影响不分层",#影响类 #心法 #通法,strategy,H_心法_影响类_08,CHAIN_全球关联_01
【原因类】历史事件的原因分析：如何区分根本原因、主要原因与直接原因？,"【思维步骤】
【第一步：审题——三层分离】

  ① 根本原因：生产力/制度/阶级矛盾/国际格局（深层结构）
  ② 主要原因：利益冲突/阶级立场/直接关联方（中层机制）
  ③ 直接原因：触发性事件/人物/偶发决策（导火索）

【第二步：答案组织】

  根本原因 = 时代背景 + 结构性矛盾（必答）
  主要原因 = 关键行动方的利益驱动（视分值补）
  直接原因 = 触发事件（直接原因题必答）

【答案框架】
① 根本原因（结构性）：
  时代背景 + 深层矛盾 → 必然趋势

② 主要原因（关键机制）：
  相关方利益驱动 + 矛盾激化

③ 直接原因（触发）：
  具体事件 + 导火索

【常见陷阱】
• 把直接原因当根本原因（最常见！）
• 只写中国一方，忽视国际背景
• 原因与背景混淆（背景范围更大）
• 绝对化表述，缺少限定词",#原因类 #心法 #通法,strategy,H_心法_原因类_09,CHAIN_近代危机_03
【影响类】历史事件的影响分析：如何从短期/长期、积极/消极多维度展开？,"【思维步骤】
【第一步：判断影响类型】

  短期影响 → 事件后立即产生的直接后果
  长期影响 → 对后世历史走向的深层塑造

【第二步：四维度展开】

  政治：主权/领土/制度/阶级力量对比
  经济：生产力/生产关系/贸易结构
  思想：思潮/观念/知识分子觉醒
  外交：国际地位/中外关系

【第三步：区分「直接影响」与「深远后果」】

【答案框架】
一、短期/直接影响
  ① 政治：XXXX
  ② 经济：XXXX
  ③ 外交：XXXX

二、长期/深远后果
  ④ 社会性质/结构：XXXX
  ⑤ 历史任务/走向：XXXX
  ⑥ 精神遗产：XXXX

【常见陷阱】
• 影响与意义混淆（意义专指正面价值）
• 只说结论，缺少推导过程
• 漏掉外交/国际格局维度
• 积极/消极影响不分层",#影响类 #心法 #通法,strategy,H_心法_影响类_10,CHAIN_近代危机_03
【变革类】如何分析一场改革/变法的内容、背景与成败原因？,"【思维步骤】
【第一步：背景——为什么需要变？】

  ① 社会矛盾尖锐化（土地/财政/民族等）
  ② 统治危机（阶级矛盾、对外失败）
  ③ 思想准备（有无新的理论依据）

【第二步：内容——变了什么？】

  ① 政治改革
  ② 经济改革
  ③ 军事/教育/其他

【第三步：成败原因——为什么成功/失败？】

  成功条件：触动利益少 + 有实权支持 + 群众基础
  失败原因：触动守旧势力 + 缺乏实权 + 无群众支持

【答案框架】
一、变法背景（必要性）：
  ① XXXX（社会矛盾）
  ② XXXX（统治危机）

二、变法内容（主要措施）：
  ① 政治：XXXX
  ② 经济：XXXX
  ③ 军事/教育：XXXX

三、失败/成功原因：
  ① 守旧势力反对（触动核心利益）
  ② 缺乏实权支持（寄希望于皇帝/权臣）
  ③ 无群众基础（脱离底层）

【常见陷阱】
• 把变法内容与洋务运动/革命混淆
• 失败原因只写一条（需要多角度）
• 忽视变法的积极意义（即使失败也有思想启蒙价值）
• 不区分改革与革命的本质差异",#变革/制度类 #心法 #通法,strategy,H_心法_变革类_11,CHAIN_近代探索_02
【原因类】历史事件的原因分析：如何区分根本原因、主要原因与直接原因？,"【思维步骤】
【第一步：审题——三层分离】

  ① 根本原因：生产力/制度/阶级矛盾/国际格局（深层结构）
  ② 主要原因：利益冲突/阶级立场/直接关联方（中层机制）
  ③ 直接原因：触发性事件/人物/偶发决策（导火索）

【第二步：答案组织】

  根本原因 = 时代背景 + 结构性矛盾（必答）
  主要原因 = 关键行动方的利益驱动（视分值补）
  直接原因 = 触发事件（直接原因题必答）

【答案框架】
① 根本原因（结构性）：
  时代背景 + 深层矛盾 → 必然趋势

② 主要原因（关键机制）：
  相关方利益驱动 + 矛盾激化

③ 直接原因（触发）：
  具体事件 + 导火索

【常见陷阱】
• 把直接原因当根本原因（最常见！）
• 只写中国一方，忽视国际背景
• 原因与背景混淆（背景范围更大）
• 绝对化表述，缺少限定词",#原因类 #心法 #通法,strategy,H_心法_原因类_12,CHAIN_近代探索_02
【原因类】历史事件的原因分析：如何区分根本原因、主要原因与直接原因？,"【思维步骤】
【第一步：审题——三层分离】

  ① 根本原因：生产力/制度/阶级矛盾/国际格局（深层结构）
  ② 主要原因：利益冲突/阶级立场/直接关联方（中层机制）
  ③ 直接原因：触发性事件/人物/偶发决策（导火索）

【第二步：答案组织】

  根本原因 = 时代背景 + 结构性矛盾（必答）
  主要原因 = 关键行动方的利益驱动（视分值补）
  直接原因 = 触发事件（直接原因题必答）

【答案框架】
① 根本原因（结构性）：
  时代背景 + 深层矛盾 → 必然趋势

② 主要原因（关键机制）：
  相关方利益驱动 + 矛盾激化

③ 直接原因（触发）：
  具体事件 + 导火索

【常见陷阱】
• 把直接原因当根本原因（最常见！）
• 只写中国一方，忽视国际背景
• 原因与背景混淆（背景范围更大）
• 绝对化表述，缺少限定词",#原因类 #心法 #通法,strategy,H_心法_原因类_13,CHAIN_近代探索_03
【影响类】历史事件的影响分析：如何从短期/长期、积极/消极多维度展开？,"【思维步骤】
【第一步：判断影响类型】

  短期影响 → 事件后立即产生的直接后果
  长期影响 → 对后世历史走向的深层塑造

【第二步：四维度展开】

  政治：主权/领土/制度/阶级力量对比
  经济：生产力/生产关系/贸易结构
  思想：思潮/观念/知识分子觉醒
  外交：国际地位/中外关系

【第三步：区分「直接影响」与「深远后果」】

【答案框架】
一、短期/直接影响
  ① 政治：XXXX
  ② 经济：XXXX
  ③ 外交：XXXX

二、长期/深远后果
  ④ 社会性质/结构：XXXX
  ⑤ 历史任务/走向：XXXX
  ⑥ 精神遗产：XXXX

【常见陷阱】
• 影响与意义混淆（意义专指正面价值）
• 只说结论，缺少推导过程
• 漏掉外交/国际格局维度
• 积极/消极影响不分层",#影响类 #心法 #通法,strategy,H_心法_影响类_14,CHAIN_近代探索_03
【概念类】如何准确界定和阐述一个历史概念？,"【思维步骤】
【第一步：定义三要素】

  ① 时间（何时）
  ② 主体（谁/什么）
  ③ 内容（做了什么/是什么）

【第二步：特征提炼】

  该概念区别于其他概念的独特之处

【第三步：历史定位】

  在历史链条中的位置：前承X，下启Y

【答案框架】
【定义】：XXXX（时间+主体+核心行为）

【主要内容】：
  ① XXXX
  ② XXXX

【历史意义/评价】：
  ① XXXX（积极面）
  ② XXXX（局限性）

【常见陷阱】
• 定义过于笼统，缺少时间/主体/内容三要素
• 只背教材原话，不理解概念的本质
• 忽视概念的动态演变（不同阶段有不同内涵）
• 概念与相近概念混淆（如半殖民地vs半封建）",#概念类 #心法 #通法,strategy,H_心法_概念类_15,CHAIN_近代探索_04
【原因类】历史事件的原因分析：如何区分根本原因、主要原因与直接原因？,"【思维步骤】
【第一步：审题——三层分离】

  ① 根本原因：生产力/制度/阶级矛盾/国际格局（深层结构）
  ② 主要原因：利益冲突/阶级立场/直接关联方（中层机制）
  ③ 直接原因：触发性事件/人物/偶发决策（导火索）

【第二步：答案组织】

  根本原因 = 时代背景 + 结构性矛盾（必答）
  主要原因 = 关键行动方的利益驱动（视分值补）
  直接原因 = 触发事件（直接原因题必答）

【答案框架】
① 根本原因（结构性）：
  时代背景 + 深层矛盾 → 必然趋势

② 主要原因（关键机制）：
  相关方利益驱动 + 矛盾激化

③ 直接原因（触发）：
  具体事件 + 导火索

【常见陷阱】
• 把直接原因当根本原因（最常见！）
• 只写中国一方，忽视国际背景
• 原因与背景混淆（背景范围更大）
• 绝对化表述，缺少限定词",#原因类 #心法 #通法,strategy,H_心法_原因类_16,CHAIN_近代探索_04
【原因类】历史事件的原因分析：如何区分根本原因、主要原因与直接原因？,"【思维步骤】
【第一步：审题——三层分离】

  ① 根本原因：生产力/制度/阶级矛盾/国际格局（深层结构）
  ② 主要原因：利益冲突/阶级立场/直接关联方（中层机制）
  ③ 直接原因：触发性事件/人物/偶发决策（导火索）

【第二步：答案组织】

  根本原因 = 时代背景 + 结构性矛盾（必答）
  主要原因 = 关键行动方的利益驱动（视分值补）
  直接原因 = 触发事件（直接原因题必答）

【答案框架】
① 根本原因（结构性）：
  时代背景 + 深层矛盾 → 必然趋势

② 主要原因（关键机制）：
  相关方利益驱动 + 矛盾激化

③ 直接原因（触发）：
  具体事件 + 导火索

【常见陷阱】
• 把直接原因当根本原因（最常见！）
• 只写中国一方，忽视国际背景
• 原因与背景混淆（背景范围更大）
• 绝对化表述，缺少限定词",#原因类 #心法 #通法,strategy,H_心法_原因类_17,CHAIN_近代探索_05
【影响类】历史事件的影响分析：如何从短期/长期、积极/消极多维度展开？,"【思维步骤】
【第一步：判断影响类型】

  短期影响 → 事件后立即产生的直接后果
  长期影响 → 对后世历史走向的深层塑造

【第二步：四维度展开】

  政治：主权/领土/制度/阶级力量对比
  经济：生产力/生产关系/贸易结构
  思想：思潮/观念/知识分子觉醒
  外交：国际地位/中外关系

【第三步：区分「直接影响」与「深远后果」】

【答案框架】
一、短期/直接影响
  ① 政治：XXXX
  ② 经济：XXXX
  ③ 外交：XXXX

二、长期/深远后果
  ④ 社会性质/结构：XXXX
  ⑤ 历史任务/走向：XXXX
  ⑥ 精神遗产：XXXX

【常见陷阱】
• 影响与意义混淆（意义专指正面价值）
• 只说结论，缺少推导过程
• 漏掉外交/国际格局维度
• 积极/消极影响不分层",#影响类 #心法 #通法,strategy,H_心法_影响类_18,CHAIN_近代探索_05
【概念类】如何准确界定和阐述一个历史概念？,"【思维步骤】
【第一步：定义三要素】

  ① 时间（何时）
  ② 主体（谁/什么）
  ③ 内容（做了什么/是什么）

【第二步：特征提炼】

  该概念区别于其他概念的独特之处

【第三步：历史定位】

  在历史链条中的位置：前承X，下启Y

【答案框架】
【定义】：XXXX（时间+主体+核心行为）

【主要内容】：
  ① XXXX
  ② XXXX

【历史意义/评价】：
  ① XXXX（积极面）
  ② XXXX（局限性）

【常见陷阱】
• 定义过于笼统，缺少时间/主体/内容三要素
• 只背教材原话，不理解概念的本质
• 忽视概念的动态演变（不同阶段有不同内涵）
• 概念与相近概念混淆（如半殖民地vs半封建）",#概念类 #心法 #通法,strategy,H_心法_概念类_19,CHAIN_近代探索_06
【原因类】历史事件的原因分析：如何区分根本原因、主要原因与直接原因？,"【思维步骤】
【第一步：审题——三层分离】

  ① 根本原因：生产力/制度/阶级矛盾/国际格局（深层结构）
  ② 主要原因：利益冲突/阶级立场/直接关联方（中层机制）
  ③ 直接原因：触发性事件/人物/偶发决策（导火索）

【第二步：答案组织】

  根本原因 = 时代背景 + 结构性矛盾（必答）
  主要原因 = 关键行动方的利益驱动（视分值补）
  直接原因 = 触发事件（直接原因题必答）

【答案框架】
① 根本原因（结构性）：
  时代背景 + 深层矛盾 → 必然趋势

② 主要原因（关键机制）：
  相关方利益驱动 + 矛盾激化

③ 直接原因（触发）：
  具体事件 + 导火索

【常见陷阱】
• 把直接原因当根本原因（最常见！）
• 只写中国一方，忽视国际背景
• 原因与背景混淆（背景范围更大）
• 绝对化表述，缺少限定词",#原因类 #心法 #通法,strategy,H_心法_原因类_20,CHAIN_近代探索_06
【原因类】历史事件的原因分析：如何区分根本原因、主要原因与直接原因？,"【思维步骤】
【第一步：审题——三层分离】

  ① 根本原因：生产力/制度/阶级矛盾/国际格局（深层结构）
  ② 主要原因：利益冲突/阶级立场/直接关联方（中层机制）
  ③ 直接原因：触发性事件/人物/偶发决策（导火索）

【第二步：答案组织】

  根本原因 = 时代背景 + 结构性矛盾（必答）
  主要原因 = 关键行动方的利益驱动（视分值补）
  直接原因 = 触发事件（直接原因题必答）

【答案框架】
① 根本原因（结构性）：
  时代背景 + 深层矛盾 → 必然趋势

② 主要原因（关键机制）：
  相关方利益驱动 + 矛盾激化

③ 直接原因（触发）：
  具体事件 + 导火索

【常见陷阱】
• 把直接原因当根本原因（最常见！）
• 只写中国一方，忽视国际背景
• 原因与背景混淆（背景范围更大）
• 绝对化表述，缺少限定词",#原因类 #心法 #通法,strategy,H_心法_原因类_21,CHAIN_近代探索_07
【影响类】历史事件的影响分析：如何从短期/长期、积极/消极多维度展开？,"【思维步骤】
【第一步：判断影响类型】

  短期影响 → 事件后立即产生的直接后果
  长期影响 → 对后世历史走向的深层塑造

【第二步：四维度展开】

  政治：主权/领土/制度/阶级力量对比
  经济：生产力/生产关系/贸易结构
  思想：思潮/观念/知识分子觉醒
  外交：国际地位/中外关系

【第三步：区分「直接影响」与「深远后果」】

【答案框架】
一、短期/直接影响
  ① 政治：XXXX
  ② 经济：XXXX
  ③ 外交：XXXX

二、长期/深远后果
  ④ 社会性质/结构：XXXX
  ⑤ 历史任务/走向：XXXX
  ⑥ 精神遗产：XXXX

【常见陷阱】
• 影响与意义混淆（意义专指正面价值）
• 只说结论，缺少推导过程
• 漏掉外交/国际格局维度
• 积极/消极影响不分层",#影响类 #心法 #通法,strategy,H_心法_影响类_22,CHAIN_近代探索_07
【原因类】历史事件的原因分析：如何区分根本原因、主要原因与直接原因？,"【思维步骤】
【第一步：审题——三层分离】

  ① 根本原因：生产力/制度/阶级矛盾/国际格局（深层结构）
  ② 主要原因：利益冲突/阶级立场/直接关联方（中层机制）
  ③ 直接原因：触发性事件/人物/偶发决策（导火索）

【第二步：答案组织】

  根本原因 = 时代背景 + 结构性矛盾（必答）
  主要原因 = 关键行动方的利益驱动（视分值补）
  直接原因 = 触发事件（直接原因题必答）

【答案框架】
① 根本原因（结构性）：
  时代背景 + 深层矛盾 → 必然趋势

② 主要原因（关键机制）：
  相关方利益驱动 + 矛盾激化

③ 直接原因（触发）：
  具体事件 + 导火索

【常见陷阱】
• 把直接原因当根本原因（最常见！）
• 只写中国一方，忽视国际背景
• 原因与背景混淆（背景范围更大）
• 绝对化表述，缺少限定词",#原因类 #心法 #通法,strategy,H_心法_原因类_23,CHAIN_近代探索_08
【影响类】历史事件的影响分析：如何从短期/长期、积极/消极多维度展开？,"【思维步骤】
【第一步：判断影响类型】

  短期影响 → 事件后立即产生的直接后果
  长期影响 → 对后世历史走向的深层塑造

【第二步：四维度展开】

  政治：主权/领土/制度/阶级力量对比
  经济：生产力/生产关系/贸易结构
  思想：思潮/观念/知识分子觉醒
  外交：国际地位/中外关系

【第三步：区分「直接影响」与「深远后果」】

【答案框架】
一、短期/直接影响
  ① 政治：XXXX
  ② 经济：XXXX
  ③ 外交：XXXX

二、长期/深远后果
  ④ 社会性质/结构：XXXX
  ⑤ 历史任务/走向：XXXX
  ⑥ 精神遗产：XXXX

【常见陷阱】
• 影响与意义混淆（意义专指正面价值）
• 只说结论，缺少推导过程
• 漏掉外交/国际格局维度
• 积极/消极影响不分层",#影响类 #心法 #通法,strategy,H_心法_影响类_24,CHAIN_近代探索_08
【原因类】历史事件的原因分析：如何区分根本原因、主要原因与直接原因？,"【思维步骤】
【第一步：审题——三层分离】

  ① 根本原因：生产力/制度/阶级矛盾/国际格局（深层结构）
  ② 主要原因：利益冲突/阶级立场/直接关联方（中层机制）
  ③ 直接原因：触发性事件/人物/偶发决策（导火索）

【第二步：答案组织】

  根本原因 = 时代背景 + 结构性矛盾（必答）
  主要原因 = 关键行动方的利益驱动（视分值补）
  直接原因 = 触发事件（直接原因题必答）

【答案框架】
① 根本原因（结构性）：
  时代背景 + 深层矛盾 → 必然趋势

② 主要原因（关键机制）：
  相关方利益驱动 + 矛盾激化

③ 直接原因（触发）：
  具体事件 + 导火索

【常见陷阱】
• 把直接原因当根本原因（最常见！）
• 只写中国一方，忽视国际背景
• 原因与背景混淆（背景范围更大）
• 绝对化表述，缺少限定词",#原因类 #心法 #通法,strategy,H_心法_原因类_25,CHAIN_近代危机_04
【影响类】历史事件的影响分析：如何从短期/长期、积极/消极多维度展开？,"【思维步骤】
【第一步：判断影响类型】

  短期影响 → 事件后立即产生的直接后果
  长期影响 → 对后世历史走向的深层塑造

【第二步：四维度展开】

  政治：主权/领土/制度/阶级力量对比
  经济：生产力/生产关系/贸易结构
  思想：思潮/观念/知识分子觉醒
  外交：国际地位/中外关系

【第三步：区分「直接影响」与「深远后果」】

【答案框架】
一、短期/直接影响
  ① 政治：XXXX
  ② 经济：XXXX
  ③ 外交：XXXX

二、长期/深远后果
  ④ 社会性质/结构：XXXX
  ⑤ 历史任务/走向：XXXX
  ⑥ 精神遗产：XXXX

【常见陷阱】
• 影响与意义混淆（意义专指正面价值）
• 只说结论，缺少推导过程
• 漏掉外交/国际格局维度
• 积极/消极影响不分层",#影响类 #心法 #通法,strategy,H_心法_影响类_26,CHAIN_近代危机_04
【原因类】历史事件的原因分析：如何区分根本原因、主要原因与直接原因？,"【思维步骤】
【第一步：审题——三层分离】

  ① 根本原因：生产力/制度/阶级矛盾/国际格局（深层结构）
  ② 主要原因：利益冲突/阶级立场/直接关联方（中层机制）
  ③ 直接原因：触发性事件/人物/偶发决策（导火索）

【第二步：答案组织】

  根本原因 = 时代背景 + 结构性矛盾（必答）
  主要原因 = 关键行动方的利益驱动（视分值补）
  直接原因 = 触发事件（直接原因题必答）

【答案框架】
① 根本原因（结构性）：
  时代背景 + 深层矛盾 → 必然趋势

② 主要原因（关键机制）：
  相关方利益驱动 + 矛盾激化

③ 直接原因（触发）：
  具体事件 + 导火索

【常见陷阱】
• 把直接原因当根本原因（最常见！）
• 只写中国一方，忽视国际背景
• 原因与背景混淆（背景范围更大）
• 绝对化表述，缺少限定词",#原因类 #心法 #通法,strategy,H_心法_原因类_27,CHAIN_现代建国_01
【影响类】历史事件的影响分析：如何从短期/长期、积极/消极多维度展开？,"【思维步骤】
【第一步：判断影响类型】

  短期影响 → 事件后立即产生的直接后果
  长期影响 → 对后世历史走向的深层塑造

【第二步：四维度展开】

  政治：主权/领土/制度/阶级力量对比
  经济：生产力/生产关系/贸易结构
  思想：思潮/观念/知识分子觉醒
  外交：国际地位/中外关系

【第三步：区分「直接影响」与「深远后果」】

【答案框架】
一、短期/直接影响
  ① 政治：XXXX
  ② 经济：XXXX
  ③ 外交：XXXX

二、长期/深远后果
  ④ 社会性质/结构：XXXX
  ⑤ 历史任务/走向：XXXX
  ⑥ 精神遗产：XXXX

【常见陷阱】
• 影响与意义混淆（意义专指正面价值）
• 只说结论，缺少推导过程
• 漏掉外交/国际格局维度
• 积极/消极影响不分层",#影响类 #心法 #通法,strategy,H_心法_影响类_28,CHAIN_现代建国_01
【原因类】历史事件的原因分析：如何区分根本原因、主要原因与直接原因？,"【思维步骤】
【第一步：审题——三层分离】

  ① 根本原因：生产力/制度/阶级矛盾/国际格局（深层结构）
  ② 主要原因：利益冲突/阶级立场/直接关联方（中层机制）
  ③ 直接原因：触发性事件/人物/偶发决策（导火索）

【第二步：答案组织】

  根本原因 = 时代背景 + 结构性矛盾（必答）
  主要原因 = 关键行动方的利益驱动（视分值补）
  直接原因 = 触发事件（直接原因题必答）

【答案框架】
① 根本原因（结构性）：
  时代背景 + 深层矛盾 → 必然趋势

② 主要原因（关键机制）：
  相关方利益驱动 + 矛盾激化

③ 直接原因（触发）：
  具体事件 + 导火索

【常见陷阱】
• 把直接原因当根本原因（最常见！）
• 只写中国一方，忽视国际背景
• 原因与背景混淆（背景范围更大）
• 绝对化表述，缺少限定词",#原因类 #心法 #通法,strategy,H_心法_原因类_29,CHAIN_现代建国_02
【影响类】历史事件的影响分析：如何从短期/长期、积极/消极多维度展开？,"【思维步骤】
【第一步：判断影响类型】

  短期影响 → 事件后立即产生的直接后果
  长期影响 → 对后世历史走向的深层塑造

【第二步：四维度展开】

  政治：主权/领土/制度/阶级力量对比
  经济：生产力/生产关系/贸易结构
  思想：思潮/观念/知识分子觉醒
  外交：国际地位/中外关系

【第三步：区分「直接影响」与「深远后果」】

【答案框架】
一、短期/直接影响
  ① 政治：XXXX
  ② 经济：XXXX
  ③ 外交：XXXX

二、长期/深远后果
  ④ 社会性质/结构：XXXX
  ⑤ 历史任务/走向：XXXX
  ⑥ 精神遗产：XXXX

【常见陷阱】
• 影响与意义混淆（意义专指正面价值）
• 只说结论，缺少推导过程
• 漏掉外交/国际格局维度
• 积极/消极影响不分层",#影响类 #心法 #通法,strategy,H_心法_影响类_30,CHAIN_现代建国_02
【原因类】历史事件的原因分析：如何区分根本原因、主要原因与直接原因？,"【思维步骤】
【第一步：审题——三层分离】

  ① 根本原因：生产力/制度/阶级矛盾/国际格局（深层结构）
  ② 主要原因：利益冲突/阶级立场/直接关联方（中层机制）
  ③ 直接原因：触发性事件/人物/偶发决策（导火索）

【第二步：答案组织】

  根本原因 = 时代背景 + 结构性矛盾（必答）
  主要原因 = 关键行动方的利益驱动（视分值补）
  直接原因 = 触发事件（直接原因题必答）

【答案框架】
① 根本原因（结构性）：
  时代背景 + 深层矛盾 → 必然趋势

② 主要原因（关键机制）：
  相关方利益驱动 + 矛盾激化

③ 直接原因（触发）：
  具体事件 + 导火索

【常见陷阱】
• 把直接原因当根本原因（最常见！）
• 只写中国一方，忽视国际背景
• 原因与背景混淆（背景范围更大）
• 绝对化表述，缺少限定词",#原因类 #心法 #通法,strategy,H_心法_原因类_31,CHAIN_现代外交_01
【影响类】历史事件的影响分析：如何从短期/长期、积极/消极多维度展开？,"【思维步骤】
【第一步：判断影响类型】

  短期影响 → 事件后立即产生的直接后果
  长期影响 → 对后世历史走向的深层塑造

【第二步：四维度展开】

  政治：主权/领土/制度/阶级力量对比
  经济：生产力/生产关系/贸易结构
  思想：思潮/观念/知识分子觉醒
  外交：国际地位/中外关系

【第三步：区分「直接影响」与「深远后果」】

【答案框架】
一、短期/直接影响
  ① 政治：XXXX
  ② 经济：XXXX
  ③ 外交：XXXX

二、长期/深远后果
  ④ 社会性质/结构：XXXX
  ⑤ 历史任务/走向：XXXX
  ⑥ 精神遗产：XXXX

【常见陷阱】
• 影响与意义混淆（意义专指正面价值）
• 只说结论，缺少推导过程
• 漏掉外交/国际格局维度
• 积极/消极影响不分层",#影响类 #心法 #通法,strategy,H_心法_影响类_32,CHAIN_现代外交_01
【链卡】鸦片战争链,"【类型】因果链（必然+偶然）
【核心规律】工业文明扩张（必然）→ 贸易失衡 + 鸦片输入（结构压力）→ 林则徐禁烟（偶然触发）→ 1840战争（历史节点）→ 半殖民开端（结果）

【剧本摘要】
19世纪中叶，英国完成工业革命，迫切需要海外商品市场和原料产地。
这是工业文明扩张的必然逻辑——工业资产阶级需要不断扩大的世界市场，
否则工厂倒闭、工人失业、社会动荡。

与此同时，清帝国以小农经济为基础，维持朝贡体系，闭关锁国。
中英合法贸易中，中国长期处于出超地位（茶叶、丝绸、瓷器换取白银）。
英方为扭转贸易逆差，大规模向中国走私鸦片，导致白银外流、银价飞涨、
社会风气败坏、军事力量衰退。

道光帝派林则徐南下禁烟。1839年虎门销烟，成为英国议会主战派的「最佳借口「。
1840年，蒸汽战舰轰鸣而来，清帝国的万里海防在英军炮火下土崩瓦解。

【这条链的本质】：不是「鸦片导致了战争「，而是「工业文明的结构性扩张，
必然以某种形式与农耕帝国碰撞，鸦片只是恰好充当了导火索「。
                

【关联链】• CHAIN_近代危机_02（太平天国链）
• CHAIN_近代探索_01（洋务运动链）
• CHAIN_全球关联_01（中外分流链（17-19世纪））",#链卡 #鸦片战争,chain,CHAIN_近代危机_01,CHAIN_近代危机_01
【链卡】太平天国链,"【类型】因果链（内因为主）
【核心规律】人口压力 + 土地兼并 + 吏治腐败 + 天灾（内因积累）→ 洪秀全宗教动员（点火）→ 太平军北伐（燎原）→ 民族内战 → 清廷借师助剿（外力介入）→ 运动失败

【剧本摘要】
太平天国是中国历史上规模最大、影响最深远的农民战争。
其爆发有深刻的社会结构根源：

【人口压力】：清朝人口从1700年的1.5亿增长到1850年的4.3亿，
增幅近两倍，而耕地面积增幅有限，人均耕地大幅减少。
【土地兼并】：官僚、地主大量兼并土地，失地农民沦为佃农，生存压力极大。
【吏治腐败】：鸦片战争赔款转嫁到农民身上，加上白银外流导致通货膨胀，
基层官员横征暴敛，民怨沸腾。
【天灾叠加】：1851年前后，南方大面积水灾、蝗灾接踵而至，加速民变。

洪秀全以「拜上帝教」为旗帜，将基督教教义与中国民间宗教糅合，
提出「无处不均匀，无人不饱暖」的平均主义理想，对绝望中的农民有极大吸引力。
太平军从广西金田北上，仅用两年多时间便攻占南京，建立与清廷对峙的政权，
定都天京，历时十四年，席卷半壁江山。

最终，清廷借助外国军队（华尔洋枪队、戈登常胜军）和汉族官僚地主武装（湘军、淮军）
镇压了太平天国。这一结果深刻改变了晚清的政治格局——汉族官僚崛起，
湘军、淮军系将领成为晚清政治的主角；清廷开始「借师助剿」，中外关系进入新阶段。
                

【关联链】• CHAIN_近代危机_01（鸦片战争链）
• CHAIN_近代探索_01（洋务运动链）
• CHAIN_全球关联_01（中外分流链（17-19世纪））",#链卡 #太平天国,chain,CHAIN_近代危机_02,CHAIN_近代危机_02
【链卡】洋务运动链,"【类型】制度链（器物层变革）
【核心规律】两次鸦片战争失败（刺激）→ 奕訢、曾国藩、李鸿章等倡导「师夷长技以自强」→ 军事工业（自强）→ 民用工业（求富）→ 甲午战争检验（失败）

【剧本摘要】
洋务运动（1861-1894）是近代中国第一次近代化尝试，
主导者是晚清统治阶级中的「洋务派」——以恭亲王奕訢为核心，
加上曾国藩、左宗棠、李鸿章、张之洞等汉族督抚。

【核心主张】：冯桂芬提出「以中国之伦常名教为原本，辅以诸国富强之术」，
即「中体西用」——用西方技术保卫中国传统制度。
这一主张在短期内有其现实合理性（减少改革阻力），
但长期看恰恰是运动失败的思想根源。

【三个阶段】：
第一阶段「自强」（1860s-1870s）：军事工业。创办江南制造总局（上海）、
福州船政局（马尾）、天津机器局等，制造枪炮和兵舰。
第二阶段「求富」（1870s-1880s）：民用工业。创办轮船招商局（李鸿章）、
开平煤矿（李鸿章）、上海机器织布局（彭永之）、汉阳铁厂（张之洞）。
第三阶段「海防」（1880s）：建立北洋、南洋、福建三支近代海军；
设北洋水师（刘公岛），聘外国顾问。

【失败检验——甲午战争】（详见第2集）：
1894-1895年中日甲午战争，北洋水师全军覆没。
黄海海战、威海卫陷落、《马关条约》签订——
洋务运动三十年的成果，被明治维新三十年的日本一朝击溃。
这证明：在不改变政……

【关联链】• CHAIN_近代危机_01（鸦片战争链）
• CHAIN_近代危机_02（太平天国链）
• CHAIN_全球关联_01（中外分流链（17-19世纪））",#链卡 #洋务运动,chain,CHAIN_近代探索_01,CHAIN_近代探索_01
【链卡】中外分流链（17-19世纪）,"【类型】对比链（全球视野）
【核心规律】明清君主专制顶峰（政治内卷） vs 英国君主立宪确立（政治突破）→ 工业革命（生产力飞跃）→ 大分流（东西方命运逆转）

【剧本摘要】
【中西大分流】：为何工业革命发生在英国而非中国？
这是全球史研究的经典问题，背后有多重结构性原因：

【中国的「内卷化」】：
明朝中后期出现资本主义萌芽（苏州丝织、景德镇瓷业），
但清代政治的高压稳定（大一统+文字狱）窒息了思想创新。
科举制度将最优秀的人才引导到儒家经典和政治仕途，
而非技术创新。人口爆炸导致劳动力便宜，削弱了机械发明的经济动力。
国家垄断（盐、铁、漕运）和闭关锁国，压制了商业资本的积累。

【英国的「突破」】：
光荣革命（1688）确立了君主立宪，限制了王权，保障了私有财产。
光荣革命后的政治稳定，为工业革命提供了制度前提。
圈地运动释放了大量失地农民，为工厂提供了劳动力。
殖民扩张提供了巨大的海外市场和原料来源。
牛顿力学体系的建立，为技术革命提供了科学基础。

【大分流的结果】：
1800年，中国GDP仍占全球约三分之一；
但到1900年，这个数字下降到不足十分之一。
这不是因为中国「退步了」，而是因为西方在工业革命的驱动下
实现了跨越式增长，而中国在专制的稳定中「内卷」了。
鸦片战争，正是这场大分流在军事上的最终体现。
                

【关联链】• CHAIN_近代危机_01（鸦片战争链）
• CHAIN_近代危机_02（太平天国链）
• CHAIN_近代探索_01（洋务运动链）",#链卡 #中外分流,chain,CHAIN_全球关联_01,CHAIN_全球关联_01
【链卡】甲午战争链,"【类型】因果链（制度对比）
【核心规律】明治维新（1868日本全盘西化+君主立宪）vs 洋务运动（清朝中体西用）→ 三十年对比检验 → 甲午战败 → 《马关条约》→ 列强瓜分狂潮 → 民族危机顶点

【剧本摘要】
甲午战争（1894-1895）是中国近代史最惨烈的失败之一，
但它不是「意外」，而是两个国家不同近代化道路的必然结果：

【日本明治维新做了什么】：1868年明治天皇颁布《五条誓约》，
开始全面西化：政治上建立君主立宪制（三权分立、议会政治）；
经济上殖产兴业（引进西方技术、建立现代工业）；
军事上建立近代军队（征兵制、西式训练）；
教育上普及西式教育（1872年义务教育法）。
三十年时间，日本从落后小国跻身帝国主义列强。

【清朝洋务运动做了什么】：只学技术，不改制度；只办军事工业，不变政治体制；
只派留学生，不废科举。守着「中体西用」的框框，在腐朽的封建制度里修修补补。

【战争经过】：1894年7月，日本不宣而战，袭击清军运兵船「高升号」（丰岛海战）。
黄海海战（9月），邓世昌「致远舰」撞向「吉野」，全舰牺牲；
刘公岛陷落（1895年2月），北洋水师全军覆没；
《马关条约》（1895年4月），李鸿章与伊藤博文谈判，被迫接受全部条件。

【战后瓜分】：俄、德、法三国干涉还辽（1895），日本被迫退还辽东半岛，
但清廷付出3000万两「赎辽费」。随后掀起瓜分中国的狂潮：
德国占胶州……

【关联链】• CHAIN_近代探索_02（戊戌变法链）
• CHAIN_近代探索_03（辛亥革命链）
• CHAIN_近代探索_04（近代思想启蒙链）",#链卡 #甲午战争,chain,CHAIN_近代危机_03,CHAIN_近代危机_03
【链卡】戊戌变法链,"【类型】制度变革链
【核心规律】甲午战败刺激（背景）→ 康有为「托古改制」（思想）→ 光绪帝与慈禧的权力博弈 → 百日维新（实践）→ 戊戌政变（失败）→ 六君子血（意义）

【剧本摘要】
戊戌变法（1898年）是近代中国第一次有组织、有理论、
有皇帝支持的自上而下的制度变革尝试。

【思想基础】：康有为著《新学伪经考》《孔子改制考》，
用今文经学改造儒学，论证「变法」是孔子的本意，
以此对抗守旧派的「天不变道亦不变」论。
他写了五封「上皇帝书」，系统阐述变法主张。

【变法内容】（《明定国是诏》，1898年6月11日）：
政治：裁撤冗官冗员、允许臣民上书言事、准许自由开设报馆学会；
经济：设铁路矿务总局、创办国家银行、奖励农工商业；
军事：裁撤绿营、练习洋操、实行征兵制；
教育：废八股改试策论、创办京师大学堂、各省设立中小学。

【变法阻力】：
触动守旧势力核心利益：裁撤冗员触动官僚集团；废八股触动整个士大夫阶层的晋升通道；
触动慈禧太后的权力底线：光绪帝实为傀儡，变法损害后党利益。

【戊戌政变与六君子之死】（1898年9月21日）：
慈禧发动政变，囚禁光绪帝，重新垂帘听政。
康有为、梁启超仓皇出逃（分别逃至日本、香港）。
谭嗣同拒绝逃走，说：「有心杀贼，无力回天，死得其所，快哉快哉！」
与杨锐、刘光第、林旭、杨深秀、康广仁共六人，被杀于北京菜市口。
史称「戊戌六君……

【关联链】• CHAIN_近代危机_03（甲午战争链）
• CHAIN_近代探索_03（辛亥革命链）
• CHAIN_近代探索_04（近代思想启蒙链）",#链卡 #戊戌变法,chain,CHAIN_近代探索_02,CHAIN_近代探索_02
【链卡】辛亥革命链,"【类型】革命链
【核心规律】甲午+戊戌失败（背景）→ 孙中山创立兴中会/同盟会 → 三民主义 → 武昌起义 → 中华民国成立 → 果实被袁世凯篡夺 → 北洋军阀黑暗统治

【剧本摘要】
孙中山（1866-1925），广东香山人，出身农民家庭，受西式教育，
在檀香山、香港、广州行医过程中目睹社会不公，
1894年上书李鸿章改良被拒，转向革命。

【革命组织历程】：
1894年创立「兴中会」（檀香山），口号「驱除鞑虏，恢复中华，创立合众政府」；
1905年联合黄兴、宋教仁等，在东京成立「中国同盟会」，
以「驱除鞑虏，恢复中华，创立民国，平均地权」为纲领。
孙中山系统提出「三民主义」：
民族（推翻满清统治）、民权（建立共和政府）、民生（平均地权）。

【武昌起义的偶然与必然】：
1911年4月广州黄花岗起义失败，同盟会元气大伤；
10月10日，文学社与共进会（湖北革命团体）在武昌新军中的起义，
原本是一次计划外的仓促行动，却意外成功——因为清军在四川「保路运动」中抽调兵力，
武汉防务空虚。

【辛亥革命的历史意义】：
推翻了两千年的帝制，创建了亚洲第一个共和国；
传播了民主共和的理念，使帝制成为「政治不正确」；
推动了中国民族资本主义的发展（民国初年「黄金十年」）；
深刻改变了中国人的政治观念——从此，任何复辟帝制的企图都以失败告终。

【辛亥革命的局限】：果实被袁世凯篡……

【关联链】• CHAIN_近代危机_03（甲午战争链）
• CHAIN_近代探索_02（戊戌变法链）
• CHAIN_近代探索_04（近代思想启蒙链）",#链卡 #辛亥革命,chain,CHAIN_近代探索_03,CHAIN_近代探索_03
【链卡】近代思想启蒙链,"【类型】递进链（三层升级）
【核心规律】第一层：师夷长技（洋务派）→ 第二层：制度变革（维新派/革命派）→ 第三层：文化革命（新文化运动）→ 马克思主义传入 → 新民主主义

【剧本摘要】
近代中国的思想演变，呈现出清晰的「三层递进」结构：

【第一层：器物变革（洋务运动）】
鸦片战争的失败，让部分官僚认识到「技不如人」，
主张学习西方军事技术和机器生产。代表：「师夷长技以自强」。
但甲午战争证明：只学技术，不改制度，是死路一条。

【第二层：制度变革（维新派+革命派）】
甲午战败后，先进的中国人认识到必须改变政治制度。
康有为、梁启超主张君主立宪（维新变法）；
孙中山、黄兴主张民主共和（辛亥革命）。
戊戌血与辛亥枪声，让「共和」成为时代最强音。
但宋教仁被刺杀（1913）、袁世凯称帝（1915）、
张勋复辟（1917）等乱象，证明「旧瓶装新酒」的共和道路也行不通。

【第三层：思想文化革命（新文化运动）】
辛亥革命虽然推翻了皇帝，却没有改变中国人的「国民性」。
陈独秀、李大钊、胡适、鲁迅等知识分子深刻反思：
为何推翻了一个皇帝，还有千万个「皇帝」在人民心中？
1915年陈独秀创办《青年杂志》（1916年改名《新青年》），
高举「民主」（Democracy）与「科学」（Science）两面大旗，
掀起新文化运动——这是中国近代第三次、也是最深层的思想解放运动。

【十月……

【关联链】• CHAIN_近代危机_03（甲午战争链）
• CHAIN_近代探索_02（戊戌变法链）
• CHAIN_近代探索_03（辛亥革命链）",#链卡 #近代思想,chain,CHAIN_近代探索_04,CHAIN_近代探索_04
【链卡】民国乱局链,"【类型】曲折链（共和困境）
【核心规律】辛亥革命（建立共和）→ 袁世凯篡夺果实（帝制复辟）→ 军阀混战（北洋军阀分裂）→ 二次革命→ 护国战争 → 护法运动 → 旧民主主义革命穷途末路

【剧本摘要】
辛亥革命后，中国进入了长达十六年的北洋军阀统治时期（1912-1928）。
这段时期，表面上有了共和国的招牌，实质上乱象丛生：

【袁世凯时期】（1912-1916）：
篡夺辛亥革命果实，就任中华民国大总统；
解散国会，废除《临时约法》，企图恢复帝制；
接受日本「二十一条」（1915年），换取日本对其称帝的支持；
1916年称帝，引发全国反对，护国战争爆发，
蔡锷在云南起兵讨袁，袁世凯在众叛亲离中病死。

【北洋军阀混战】（1916-1928）：
皖系（段祺瑞）、直系（冯国璋、曹锟、吴佩孚）、奉系（张作霖）三大派系，
为争夺北京政权互相攻伐，战火连绵不断。
总统走马灯：黎元洪→冯国璋→徐世昌→曹锟（贿选）→段祺瑞（临时执政）。

【孙中山的护法运动】：
孙中山坚持共和理想，发起三次护法运动（1917、1919、1921），
试图维护《临时约法》，均因军阀背叛而失败。
孙中山叹道：「革命尚未成功，同志仍须努力。」
这正是旧民主主义革命困境的写照：在帝国主义与封建军阀的联合压迫下，
资产阶级革命派无力完成反帝反封建的历史任务。
                

【关联链】• CHAIN_近代探索_06（新文化运动链）
• CHAIN_近代探索_07（五四运动链）
• CHAIN_近代探索_08（中国共产党建党建国链）",#链卡 #民国乱局,chain,CHAIN_近代探索_05,CHAIN_近代探索_05
【链卡】新文化运动链,"【类型】思想革命链
【核心规律】辛亥革命未改国民性（背景）→ 陈独秀创办《新青年》（起点）→ 蔡元培改造北大（阵地）→ 民主与科学（旗帜）→ 白话文运动（语言革命）→ 十月革命后马克思主义传播（方向转折）

【剧本摘要】
新文化运动（1915-1920年代初）是中国近代最彻底的一次思想启蒙运动。
【背景】：辛亥革命推翻了皇帝，却没有改变中国人的精神面貌。
鲁迅在《狂人日记》中借「狂人」之口，发现了封建礼教「吃人」的本质——
这个问题，比推翻皇帝更深刻。

【《新青年》的创刊】（1915年9月，陈独秀主编）：
陈独秀提出「青年如初春、如朝日、如百卉之萌动」，
高举「民主」（Democracy）与「科学」（Science）两面大旗。
创刊号发表《敬告青年》一文，向青年发出六点呼呼：
自主的而非奴隶的；进步的而非保守的；
进取的而非退隐的；世界的而非锁国的；
实利的而非虚文的；科学的而非想象的。

【蔡元培与北大】（1916-1927）：
蔡元培出任北大校长，提出「思想自由，兼容并包」的方针，
延揽陈独秀（文科学长）、胡适（文学教授）、李大钊（图书馆主任）、
鲁迅（兼职讲师）、刘半农、钱玄同等，新文化运动有了最强阵地。

【文学革命】：
胡适发表《文学改良刍议》（1917），提出「八不主义」：
须言之有物、不摹仿古人、须讲求文法、不作无病呻吟等。
陈独秀发表《文学革命论》，提出「三大主义」：推倒贵族文学，建……

【关联链】• CHAIN_近代探索_05（民国乱局链）
• CHAIN_近代探索_07（五四运动链）
• CHAIN_近代探索_08（中国共产党建党建国链）",#链卡 #新文化运,chain,CHAIN_近代探索_06,CHAIN_近代探索_06
【链卡】五四运动链,"【类型】政治觉醒链（转折点）
【核心规律】巴黎和会中国外交失败（触发）→ 北京学生运动（5月4日）→ 工人阶级登上舞台（6月3日）→ 全国响应 → 拒签和约 → 新民主主义革命开端

【剧本摘要】
五四运动（1919年）是中国近现代史的转折点。

【导火线：巴黎和会的屈辱】：
1919年1月，一战战胜国在巴黎凡尔赛宫召开和会，讨论对战败国的处理。
中国作为战胜国之一，要求收回德国在山东的权益（1898年德国强租胶州湾）。
但英、法、美三国决定将德国在山东的一切权益转让给日本。
北洋政府准备在和约上签字。

【第一阶段：北京学生运动】（5月4日）：
1919年5月4日，北京三千余名学生汇集天安门广场，
高呼「外争主权，内除国贼」「拒绝在巴黎和约上签字」「还我青岛」。
火烧赵家楼（学生冲进交通总长曹汝霖住宅，捣毁焚烧）；
痛打章宗祥。
当局镇压，逮捕学生三十余人。

【第二阶段：工人阶级登上历史舞台】（6月3日）：
北京学生开始大规模街头演讲，遭军警镇压；
上海工人举行大罢工，声援学生（6月5日）；
随后天津、南京、武汉、广州等城市的工人相继罢工响应。
工人阶级作为独立的政治力量登上历史舞台——这是五四运动与辛亥革命的根本区别。

【结果】：在全国人民的压力下，中国代表拒绝在《凡尔赛和约》上签字。
五四运动取得胜利。

【五四运动的历史意义】：
是中国新民主主义革命的开端（因为有工……

【关联链】• CHAIN_近代探索_05（民国乱局链）
• CHAIN_近代探索_06（新文化运动链）
• CHAIN_近代探索_08（中国共产党建党建国链）",#链卡 #五四运动,chain,CHAIN_近代探索_07,CHAIN_近代探索_07
【链卡】中国共产党建党建国链,"【类型】革命建国链（核心链）
【核心规律】旧民主主义革命失败（背景）→ 马克思主义传播（理论准备）→ 中共成立（组织准备）→ 国共合作 → 大革命失败 → 武装割据 → 抗日民族统一战线 → 解放战争 → 新中国成立

【剧本摘要】
【中国共产党成立】（1921年7月23日）：
中共一大在上海法租界望志路106号秘密开幕（后转移至嘉兴南湖游船）。
13名代表，代表全国50余名党员。
通过党纲：定名为「中国共产党」，奋斗目标是推翻资本家阶级政权，
承认无产阶级专政，直至消灭社会阶级区分。
选举陈独秀为中央局书记，张国焘为组织主任，李达为宣传主任。

【毛泽东的关键作用】：
中共一大代表之一；1921年冬赴安源路矿开展工人运动；
1927年提出「枪杆子里面出政权」的著名论断；
领导了秋收起义，创建井冈山革命根据地，探索出「农村包围城市、武装夺取政权」的正确道路。

【国共合作与大革命高潮】（1924-1927）：
第一次国共合作，共产党员加入国民党（以个人身份）；
黄埔军校创办（1924年，周恩来任政治部主任）；
北伐战争（1926-1928），基本推翻北洋军阀统治。

【大革命失败与独立探索】：
1927年蒋介石、汪精卫相继发动反革命政变；
中共被迫转入农村，建立井冈山根据地（毛泽东）；
1934年第五次反围剿失败后长征；
1935年遵义会议确立毛泽东在党中央和红军的领导地位（生死攸关的转折点）。

【抗日民族统一……

【关联链】• CHAIN_近代探索_05（民国乱局链）
• CHAIN_近代探索_06（新文化运动链）
• CHAIN_近代探索_07（五四运动链）",#链卡 #中国共产,chain,CHAIN_近代探索_08,CHAIN_近代探索_08
【链卡】抗日战争链,"【类型】全民族抗战链
【核心规律】九一八（1931）→ 西安事变（1936）→ 七七事变（1937）→ 全民族抗战 → 正面战场与敌后战场 → 持久战 → 抗战胜利（1945）

【剧本摘要】
抗日战争是中国近代史上时间最长、规模最大、牺牲最惨烈的反侵略战争。
从1931年九一八事变算起，共十四年；从1937年七七事变算起，共八年。

【战争的两个战场】：
正面战场（国民党军队为主）：
淞沪会战（1937年，上海，三个月血战，粉碎日军「三个月灭亡中国」的狂言）、
太原会战（1937年，平型关大捷，林彪115师首战告捷）、
徐州会战（1938年，台儿庄大捷，李宗仁指挥）、
武汉会战（1938年，最大规模的战役，双方投入百万兵力）、
三次长沙会战、滇缅作战……正面战场始终牵制着大量日军。

敌后战场（共产党军队为主）：
八路军（朱德、彭德怀指挥）开辟华北敌后根据地；
新四军（叶挺、项英指挥）开辟华中敌后根据地；
百团大战（1940年，彭德怀指挥，歼敌四万余人）；
广泛开展游击战，建立抗日民主根据地（最著名的：延安）。
敌后战场逐渐成为抗战的中流砥柱。

【持久战与两个战场的关系】：
毛泽东1938年发表《论持久战》，科学分析了中日双方的基本特点：
日本是强国但小国、战争是退步的但军事力量强大；
中国是弱国但大国、战争是进步的但军事力量弱小；
决定了战争是持久战，最后胜利属于中国……

【关联链】• CHAIN_现代建国_01（新民主主义革命链）
• CHAIN_现代建国_02（政权建设链（新中国初期））
• CHAIN_现代外交_01（新中国外交链）",#链卡 #抗日战争,chain,CHAIN_近代危机_04,CHAIN_近代危机_04
【链卡】新民主主义革命链,"【类型】革命建国链（收束）
【核心规律】抗战胜利（1945）→ 重庆谈判/内战爆发（1946）→ 战略防御（1946-1947）→ 战略进攻（1947刘邓大军挺进大别山）→ 三大战役（1948-1949）→ 渡江战役（1949）→ 建国（1949.10.1）

【剧本摘要】
新民主主义革命，是中国近现代史的最终篇章。
1945年抗战胜利后，全国人民渴望和平建国，但蒋介石集团在美国支持下，
悍然发动全面内战。中国共产党领导人民解放军，历经三年浴血奋战，
推翻了国民党的反动统治，建立了新中国。

【重庆谈判】（1945年8月-10月）：
毛泽东亲赴重庆与蒋介石谈判，商讨和平建国问题。
签订《双十协定》（1945年10月10日）：承认和平建国方针，
但对人民军队和解放区政权问题未能达成协议。

【战略防御与进攻的转折】（1946-1947）：
战争初期，国民党军全面进攻（1946年6月-1947年初）；
人民解放军采取积极防御战略，主动放弃部分城市，集中兵力打歼灭战；
1947年夏，刘伯承、邓小平率领晋冀鲁豫野战军主力千里跃进大别山，
揭开战略进攻序幕——这是人民解放军从战略防御转入战略进攻的标志。

【三大战役】（1948年9月-1949年1月）：
辽沈战役（东北野战军，解放东北全境，歼敌47万）；
淮海战役（华东、中原野战军，歼敌55万，是解放战争中最激烈的一战）；
平津战役（东北、华北野战军，和平解放北平，歼敌52万）；
三大战役共歼灭国民党军154万余……

【关联链】• CHAIN_近代危机_04（抗日战争链）
• CHAIN_现代建国_02（政权建设链（新中国初期））
• CHAIN_现代外交_01（新中国外交链）",#链卡 #新民主主,chain,CHAIN_现代建国_01,CHAIN_现代建国_01
【链卡】政权建设链（新中国初期）,"【类型】建国初巩固链
【核心规律】建国（1949.10）→ 土地改革（1950-1952）→ 抗美援朝（1950-1953）→ 一五计划（1953-1957）→ 三大改造（1953-1956）→ 社会主义制度确立（1956）

【剧本摘要】
新中国成立后，面临着巩固新生政权、恢复国民经济、建立社会主义制度的艰巨任务。
中国共产党领导全国人民，在短短几年内完成了西方资本主义国家用了几十年才完成的任务。

【土地改革】（1950年冬-1952年）：
《中华人民共和国土地改革法》颁布，废除封建土地所有制，
实行农民土地所有制。三亿多无地和少地的农民无偿获得约七亿亩土地。
这是中国历史上规模最大、最彻底、最彻底的土地改革。

【抗美援朝】（1950年10月-1953年7月）：
1950年6月朝鲜战争爆发，以美国为首的「联合国军」越过三八线，
直逼中朝边境。10月19日，中国人民志愿军跨过鸭绿江入朝作战。
彭德怀任志愿军司令员兼政治委员。
著名战役：第一次战役（1950年10月-11月）、
上甘岭战役（1952年10月-11月，43天，敌军倾泻炮弹190余万发）、
金城战役（1953年7月，抗美援朝最后一战）。
1953年7月，《朝鲜停战协定》在板门店签署。

【一五计划】（1953-1957）：
以苏联援助的156项工程为核心，初步奠定了中国工业化的基础。
重点发展重工业：钢铁、煤炭、电力、机械制造。
「一五」计划的完成，使中国……

【关联链】• CHAIN_近代危机_04（抗日战争链）
• CHAIN_现代建国_01（新民主主义革命链）
• CHAIN_现代外交_01（新中国外交链）",#链卡 #政权建设,chain,CHAIN_现代建国_02,CHAIN_现代建国_02
【链卡】新中国外交链,"【类型】外交独立自主链
【核心规律】「一边倒」（1949）→ 抗美援朝（1950-1953）→ 和平共处五项原则（1953/1954）→ 万隆会议（1955）→ 恢复联合国席位（1971）→ 改革开放（1978）→ 中美建交（1979）→ 中国式现代化（新时代）

【剧本摘要】
新中国外交史，是一部从「一边倒」到「独立自主」再到「全方位外交」的发展史。

【「一边倒」（1949年）】：
毛泽东提出「一边倒」的外交方针，倒向社会主义阵营一边。
这一选择在当时的历史条件下有其合理性：
新中国成立之初，面对西方资本主义国家的全面封锁；
倒向社会主义阵营，获得苏联等国的承认和经济援助；
但「一边倒」不是盲从，中国始终坚持独立自主的外交政策。

【和平共处五项原则】（1953年12月-1954年4月）：
周恩来总理在接见印度政府代表团时，首次提出和平共处五项原则：
互相尊重主权和领土完整、互不侵犯、互不干涉内政、
平等互利、和平共处。
这五项原则，后来成为国际关系的基本准则，
至今仍是中国外交的基石。

【万隆会议】（1955年4月）：
周恩来率团参加在印度尼西亚万隆召开的亚非会议，
提出「求同存异」的外交方针，
推动会议通过了《关于促进世界和平与合作的宣言》，
是中国在亚非国家中赢得外交声望的重要标志。

【改革开放后的外交转型】：
1971年，恢复在联合国的合法席位；
1972年尼克松访华，中美关系开始正常化；
1979年中美正式建交；
改革开放后，中国逐步形成「……

【关联链】• CHAIN_近代危机_04（抗日战争链）
• CHAIN_现代建国_01（新民主主义革命链）
• CHAIN_现代建国_02（政权建设链（新中国初期））",#链卡 #新中国外,chain,CHAIN_现代外交_01,CHAIN_现代外交_01
